time_h,case_name,x_km,y_km,z_km,vx_kmps,vy_kmps,vz_kmps,r_km,altitude_km,sma_km,ecc,inc_deg
0,Two-body only,6777.32,0,0,-0,4.75964,6.01378,6777.32,399.185,6778,0.0001,51.64
0.166667,Two-body only,5274.38,2641.39,3337.38,-4.81582,3.70416,4.6802,6777.47,399.335,6778,0.0001,51.64
0.333333,Two-body only,1432.26,4111.35,5194.68,-7.49546,1.00616,1.27127,6777.86,399.72,6778,0.0001,51.64
0.5,Two-body only,-3045.02,3758.26,4748.55,-6.85128,-2.13748,-2.70071,6778.3,400.167,6778,0.0001,51.64
0.666667,Two-body only,-6172.37,1738.95,2197.16,-3.16995,-4.33305,-5.47479,6778.62,400.48,6778,0.0001,51.64
0.833333,Two-body only,-6563.61,-1051.22,-1328.21,1.91627,-4.6077,-5.82182,6778.66,400.519,6778,0.0001,51.64
1,Two-body only,-4045.35,-3375.4,-4264.81,6.15324,-2.83979,-3.58806,6778.4,400.267,6778,0.0001,51.64
1.16667,Two-body only,266.273,-4203.17,-5310.69,7.66272,0.18744,0.23683,6777.97,399.836,6778,0.0001,51.64
1.33333,Two-body only,4459.76,-3167.24,-4001.8,5.77449,3.13209,3.95739,6777.55,399.417,6778,0.0001,51.64
1.5,Two-body only,6675.4,-726.729,-918.22,1.32501,4.68806,5.92335,6777.33,399.195,6778,0.0001,51.64
1.66667,Two-body only,5930.37,2036.09,2572.6,-3.71227,4.16484,5.26226,6777.41,399.27,6778,0.0001,51.64
1.83333,Two-body only,2555.18,3895.91,4922.47,-7.10281,1.79466,2.26754,6777.74,399.607,6778,0.0001,51.64
2,Two-body only,-1953.15,4028.13,5089.53,-7.34337,-1.37089,-1.73211,6778.2,400.058,6778,0.0001,51.64
2.16667,Two-body only,-5595.59,2374.41,3000.07,-4.32838,-3.92813,-4.96318,6778.56,400.422,6778,0.0001,51.64
2.33333,Two-body only,-6757.55,-331.888,-419.339,0.604996,-4.74385,-5.99384,6778.68,400.539,6778,0.0001,51.64
2.5,Two-body only,-4924.05,-2891.07,-3652.86,5.27025,-3.45669,-4.36752,6778.49,400.355,6778,0.0001,51.64
2.66667,Two-body only,-907.72,-4168.6,-5267.01,7.59956,-0.63687,-0.804683,6778.09,399.954,6778,0.0001,51.64
2.83333,Two-body only,3511.01,-3597.84,-4545.86,6.55947,2.46586,3.1156,6777.65,399.512,6778,0.0001,51.64
3,Two-body only,6372.7,-1431.6,-1808.82,2.61016,4.47548,5.65475,6777.36,399.226,6778,0.0001,51.64
3.16667,Two-body only,6408,1369.56,1730.44,-2.49705,4.50027,5.68607,6777.36,399.222,6778,0.0001,51.64
3.33333,Two-body only,3601.26,3563.31,4502.24,-6.49653,2.52923,3.19567,6777.64,399.503,6778,0.0001,51.64
3.5,Two-body only,-802.56,4176.89,5277.49,-7.61469,-0.563034,-0.711391,6778.08,399.943,6778,0.0001,51.64
3.66667,Two-body only,-4850.6,2938.5,3712.78,-5.35672,-3.40512,-4.30236,6778.48,400.348,6778,0.0001,51.64
3.83333,Two-body only,-6748.36,397.421,502.141,-0.724457,-4.7374,-5.98569,6778.67,400.538,6778,0.0001,51.64
4,Two-body only,-5654.74,-2319.83,-2931.09,4.22886,-3.96966,-5.01565,6778.57,400.428,6778,0.0001,51.64
4.16667,Two-body only,-2054.42,-4008.69,-5064.96,7.30791,-1.44199,-1.82195,6778.21,400.068,6778,0.0001,51.64
4.33333,Two-body only,2456.68,-3920.24,-4953.22,7.14716,1.72549,2.18016,6777.75,399.617,6778,0.0001,51.64
4.5,Two-body only,5878.33,-2093.41,-2645.02,3.81678,4.12829,5.21609,6777.41,399.275,6778,0.0001,51.64
4.66667,Two-body only,6692.9,661.837,836.229,-1.2067,4.70035,5.93887,6777.33,399.194,6778,0.0001,51.64
4.83333,Two-body only,4539.04,3123.56,3946.6,-5.69486,3.18776,4.02773,6777.55,399.409,6778,0.0001,51.64
5,Two-body only,372.163,4200.06,5306.77,-7.65707,0.261791,0.330772,6777.96,399.826,6778,0.0001,51.64
5.16667,Two-body only,-3959.79,3414.24,4313.89,-6.22406,-2.77972,-3.51217,6778.4,400.259,6778,0.0001,51.64
5.33333,Two-body only,-6536.32,1114.78,1408.53,-2.03214,-4.58854,-5.79761,6778.65,400.517,6778,0.0001,51.64
5.5,Two-body only,-6215.43,-1678.85,-2121.22,3.06038,-4.36328,-5.51299,6778.62,400.484,6778,0.0001,51.64
5.66667,Two-body only,-3139.36,-3728.25,-4710.64,6.79657,-2.20371,-2.78439,6778.31,400.177,6778,0.0001,51.64
5.83333,Two-body only,1328.47,-4124.76,-5211.62,7.51989,0.93328,1.1792,6777.87,399.73,6778,0.0001,51.64
6,Two-body only,5207.17,-2692.27,-3401.67,4.90858,3.65696,4.62056,6777.48,399.342,6778,0.0001,51.64
6.16667,Two-body only,6776.49,-65.7926,-83.1287,0.119957,4.75905,6.01305,6777.32,399.185,6778,0.0001,51.64
6.33333,Two-body only,5340.3,2589.86,3272.28,-4.72188,3.75046,4.73869,6777.47,399.329,6778,0.0001,51.64
6.5,Two-body only,1535.69,4096.94,5176.48,-7.4692,1.07879,1.36304,6777.85,399.709,6778,0.0001,51.64
6.66667,Two-body only,-2949.94,3787.35,4785.3,-6.90432,-2.07073,-2.61636,6778.29,400.158,6778,0.0001,51.64
6.83333,Two-body only,-6127.8,1798.64,2272.57,-3.27875,-4.30176,-5.43526,6778.61,400.476,6778,0.0001,51.64
7,Two-body only,-6589.3,-987.4,-1247.58,1.79993,-4.62573,-5.8446,6778.66,400.522,6778,0.0001,51.64
7.16667,Two-body only,-4129.91,-3335.73,-4214.69,6.08092,-2.89915,-3.66307,6778.41,400.276,6778,0.0001,51.64
7.33333,Two-body only,160.319,-4205.24,-5313.31,7.66649,0.113044,0.14283,6777.98,399.847,6778,0.0001,51.64
7.5,Two-body only,4379.39,-3210.15,-4056.01,5.85271,3.07566,3.88608,6777.56,399.425,6778,0.0001,51.64
7.66667,Two-body only,6656.27,-791.443,-999.986,1.443,4.67462,5.90637,6777.33,399.197,6778,0.0001,51.64
7.83333,Two-body only,5980.96,1978.27,2499.54,-3.60686,4.20037,5.30715,6777.4,399.265,6778,0.0001,51.64
8,Two-body only,2653.05,3870.63,4890.53,-7.05672,1.86338,2.35438,6777.73,399.598,6778,0.0001,51.64
8.16667,Two-body only,-1851.41,4046.59,5112.85,-7.37703,-1.29945,-1.64185,6778.19,400.048,6778,0.0001,51.64
8.33333,Two-body only,-5535.08,2428.42,3068.3,-4.42683,-3.88565,-4.90951,6778.55,400.416,6778,0.0001,51.64
8.5,Two-body only,-6765.08,-266.273,-336.435,0.485387,-4.74914,-6.00053,6778.68,400.539,6778,0.0001,51.64
8.66667,Two-body only,-4996.3,-2842.93,-3592.04,5.1825,-3.50741,-4.4316,6778.5,400.363,6778,0.0001,51.64
8.83333,Two-body only,-1012.66,-4159.28,-5255.24,7.58257,-0.710549,-0.897777,6778.1,399.964,6778,0.0001,51.64
9,Two-body only,3419.91,-3631.49,-4588.37,6.6208,2.40188,3.03477,6777.66,399.521,6778,0.0001,51.64
9.16667,Two-body only,6335.84,-1493.29,-1886.77,2.72263,4.44959,5.62204,6777.37,399.229,6778,0.0001,51.64
9.33333,Two-body only,6441.74,1307.19,1651.63,-2.38332,4.52396,5.71601,6777.36,399.219,6778,0.0001,51.64
9.5,Two-body only,3690.62,3527.92,4457.51,-6.43201,2.59198,3.27496,6777.63,399.494,6778,0.0001,51.64
9.66667,Two-body only,-697.204,4184.16,5286.67,-7.62796,-0.48906,-0.617925,6778.07,399.933,6778,0.0001,51.64
9.83333,Two-body only,-4775.96,2985.21,3771.8,-5.44187,-3.35272,-4.23615,6778.48,400.341,6778,0.0001,51.64
10,Two-body only,-6737.52,462.858,584.82,-0.843741,-4.72979,-5.97608,6778.67,400.537,6778,0.0001,51.64
10.1667,Two-body only,-5712.5,-2264.67,-2861.4,4.12831,-4.01021,-5.06689,6778.57,400.434,6778,0.0001,51.64
10.3333,Two-body only,-2155.19,-3988.26,-5039.16,7.27067,-1.51274,-1.91134,6778.22,400.078,6778,0.0001,51.64
10.5,Two-body only,2357.59,-3943.62,-4982.75,7.18976,1.65591,2.09224,6777.76,399.627,6778,0.0001,51.64
10.6667,Two-body only,5824.85,-2150.22,-2716.8,3.92035,4.09074,5.16863,6777.42,399.28,6778,0.0001,51.64
10.8333,Two-body only,6708.76,596.783,754.034,-1.08809,4.71149,5.95295,6777.33,399.192,6778,0.0001,51.64
11,Two-body only,4617.2,3079.11,3890.45,-5.61383,3.24265,4.09708,6777.54,399.401,6778,0.0001,51.64
11.1667,Two-body only,477.961,4195.93,5301.54,-7.64955,0.336078,0.424633,6777.95,399.815,6778,0.0001,51.64
11.3333,Two-body only,-3873.28,3452.25,4361.91,-6.29335,-2.71898,-3.43542,6778.39,400.25,6778,0.0001,51.64
11.5,Two-body only,-6507.43,1178.08,1488.5,-2.14751,-4.56826,-5.77199,6778.65,400.514,6778,0.0001,51.64
11.6667,Two-body only,-6256.98,-1618.33,-2044.75,2.95006,-4.39244,-5.54984,6778.63,400.489,6778,0.0001,51.64
11.8333,Two-body only,-3232.92,-3697.34,-4671.57,6.7402,-2.2694,-2.86739,6778.32,400.186,6778,0.0001,51.64
12,Two-body only,1224.36,-4137.16,-5227.28,7.54248,0.860177,1.08683,6777.88,399.74,6778,0.0001,51.64
12.1667,Two-body only,5138.68,-2742.49,-3465.12,5.00014,3.60886,4.55979,6777.49,399.349,6778,0.0001,51.64
12.3333,Two-body only,6774.01,-131.569,-166.237,0.239884,4.75731,6.01084,6777.32,399.186,6778,0.0001,51.64
12.5,Two-body only,5404.92,2537.7,3206.38,-4.62679,3.79583,4.79602,6777.46,399.322,6778,0.0001,51.64
12.6667,Two-body only,1638.75,4081.53,5157,-7.44111,1.15115,1.45448,6777.84,399.699,6778,0.0001,51.64
12.8333,Two-body only,-2854.15,3815.51,4820.88,-6.95566,-2.00347,-2.53138,6778.29,400.148,6778,0.0001,51.64
13,Two-body only,-6081.73,1857.88,2347.43,-3.38675,-4.26941,-5.39439,6778.61,400.471,6778,0.0001,51.64
13.1667,Two-body only,-6613.37,-923.337,-1166.63,1.68315,-4.64264,-5.86596,6778.66,400.524,6778,0.0001,51.64
13.3333,Two-body only,-4213.46,-3295.25,-4163.54,6.00712,-2.95781,-3.73719,6778.42,400.284,6778,0.0001,51.64
13.5,Two-body only,54.325,-4206.29,-5314.64,7.66839,0.0386202,0.0487965,6777.99,399.857,6778,0.0001,51.64
13.6667,Two-body only,4297.96,-3252.27,-4109.23,5.9295,3.01847,3.81383,6777.57,399.433,6778,0.0001,51.64
13.8333,Two-body only,6635.51,-855.964,-1081.51,1.56064,4.66004,5.88795,6777.34,399.199,6778,0.0001,51.64
14,Two-body only,6054.36,1890.31,2388.4,-3.44649,4.25192,5.37228,6777.39,399.257,6778,0.0001,51.64
14.1667,Two-body only,2799.16,3830.78,4840.18,-6.98408,1.96599,2.48402,6777.72,399.583,6778,0.0001,51.64
14.3333,Two-body only,-1697.37,4072.51,5145.6,-7.4243,-1.1913,-1.50521,6778.17,400.033,6778,0.0001,51.64
14.5,Two-body only,-5441.42,2508.61,3169.62,-4.57302,-3.8199,-4.82643,6778.54,400.407,6778,0.0001,51.64
14.6667,Two-body only,-6773.31,-167.368,-211.469,0.305093,-4.75492,-6.00782,6778.68,400.54,6778,0.0001,51.64
14.8333,Two-body only,-5102.77,-2769.16,-3498.82,5.048,-3.58215,-4.52604,6778.51,400.373,6778,0.0001,51.64
15,Two-body only,-1170.17,-4143.34,-5235.1,7.55349,-0.821145,-1.03751,6778.12,399.98,6778,0.0001,51.64
15.1667,Two-body only,3281.18,-3680.46,-4650.25,6.71008,2.30446,2.91168,6777.67,399.535,6778,0.0001,51.64
15.3333,Two-body only,6277.43,-1585.47,-2003.24,2.8907,4.40857,5.57021,6777.37,399.235,6778,0.0001,51.64
15.5,Two-body only,6489.55,1212.68,1532.21,-2.21101,4.55753,5.75843,6777.35,399.214,6778,0.0001,51.64
15.6667,Two-body only,3823.45,3473,4388.12,-6.33189,2.68525,3.39281,6777.62,399.481,6778,0.0001,51.64
15.8333,Two-body only,-538.27,4193.18,5298.07,-7.64442,-0.377467,-0.476928,6778.05,399.917,6778,0.0001,51.64
16,Two-body only,-4661.39,3054.15,3858.91,-5.56756,-3.27229,-4.13452,6778.47,400.329,6778,0.0001,51.64
16.1667,Two-body only,-6718.09,561.158,709.022,-1.02293,-4.71615,-5.95884,6778.67,400.535,6778,0.0001,51.64
16.3333,Two-body only,-5796.83,-2180.59,-2755.17,3.97503,-4.06941,-5.14169,6778.58,400.443,6778,0.0001,51.64
16.5,Two-body only,-2305.9,-3955.68,-4997.99,7.21125,-1.61855,-2.04503,6778.23,400.094,6778,0.0001,51.64
16.6667,Two-body only,2207.31,-3976.98,-5024.91,7.25057,1.55039,1.95891,6777.78,399.642,6778,0.0001,51.64
16.8333,Two-body only,5741.66,-2234.76,-2823.61,4.07447,4.03231,5.09481,6777.43,399.289,6778,0.0001,51.64
17,Two-body only,6729.54,498.57,629.942,-0.90902,4.72608,5.97139,6777.33,399.19,6778,0.0001,51.64
17.1667,Two-body only,4732.75,3010.78,3804.11,-5.48925,3.3238,4.19961,6777.53,399.39,6778,0.0001,51.64
17.3333,Two-body only,637.018,4187.77,5291.24,-7.63469,0.447761,0.565745,6777.94,399.799,6778,0.0001,51.64
17.5,Two-body only,-3741.24,3507.88,4432.19,-6.39477,-2.62628,-3.3183,6778.37,400.237,6778,0.0001,51.64
17.6667,Two-body only,-6460.93,1272.82,1608.2,-2.32022,-4.53562,-5.73075,6778.65,400.509,6778,0.0001,51.64
17.8333,Two-body only,-6316.64,-1526.47,-1928.69,2.78261,-4.43432,-5.60276,6778.63,400.495,6778,0.0001,51.64
18,Two-body only,-3372.29,-3649.08,-4610.61,6.65222,-2.36725,-2.99102,6778.34,400.2,6778,0.0001,51.64
18.1667,Two-body only,1067.06,-4153.91,-5248.45,7.57301,0.749724,0.947274,6777.89,399.756,6778,0.0001,51.64
18.3333,Two-body only,5033.2,-2816.83,-3559.05,5.13567,3.53479,4.4662,6777.5,399.36,6778,0.0001,51.64
18.5,Two-body only,6767.14,-230.534,-291.279,0.420322,4.75248,6.00475,6777.32,399.186,6778,0.0001,51.64
18.6667,Two-body only,5499.71,2458,3105.68,-4.48149,3.8624,4.88013,6777.45,399.313,6778,0.0001,51.64
18.8333,Two-body only,1793.15,4056.44,5125.3,-7.39539,1.25957,1.59146,6777.82,399.684,6778,0.0001,51.64
19,Two-body only,-2708.6,3856.14,4872.23,-7.02975,-1.90129,-2.40227,6778.27,400.134,6778,0.0001,51.64
19.1667,Two-body only,-6009.56,1946.21,2459.04,-3.54778,-4.21875,-5.33038,6778.6,400.464,6778,0.0001,51.64
19.3333,Two-body only,-6646.56,-826.466,-1044.24,1.50656,-4.66594,-5.8954,6778.66,400.528,6778,0.0001,51.64
19.5,Two-body only,-4337.3,-3232.79,-4084.61,5.89323,-3.04476,-3.84704,6778.43,400.297,6778,0.0001,51.64
19.6667,Two-body only,-105.272,-4205.93,-5314.18,7.66771,-0.0734404,-0.0927918,6778.01,399.873,6778,0.0001,51.64
19.8333,Two-body only,4173.37,-3314.18,-4187.46,6.04237,2.93098,3.70328,6777.58,399.446,6778,0.0001,51.64
20,Two-body only,6601.19,-952.704,-1203.74,1.73702,4.63594,5.8575,6777.34,399.203,6778,0.0001,51.64
20.1667,Two-body only,6101.26,1831.31,2313.85,-3.33891,4.28485,5.4139,6777.39,399.253,6778,0.0001,51.64
20.3333,Two-body only,2895.36,3803.13,4805.25,-6.93369,2.03354,2.56937,6777.71,399.573,6778,0.0001,51.64
20.5,Two-body only,-1594.54,4088.48,5165.78,-7.45342,-1.1191,-1.41398,6778.16,400.022,6778,0.0001,51.64
20.6667,Two-body only,-5377.54,2561.11,3235.95,-4.66872,-3.77505,-4.76977,6778.54,400.401,6778,0.0001,51.64
20.8333,Two-body only,-6776.7,-101.62,-128.396,0.185242,-4.75729,-6.01083,6778.68,400.541,6778,0.0001,51.64
21,Two-body only,-5171.92,-2719.3,-3435.83,4.95711,-3.6307,-4.58738,6778.52,400.38,6778,0.0001,51.64
21.1667,Two-body only,-1274.44,-4131.48,-5220.12,7.53186,-0.894354,-1.13001,6778.13,399.99,6778,0.0001,51.64
21.3333,Two-body only,3188.03,-3711.87,-4689.93,6.76733,2.23905,2.82903,6777.68,399.544,6778,0.0001,51.64
21.5,Two-body only,6236.7,-1646.22,-2079.99,3.00146,4.37997,5.53407,6777.38,399.239,6778,0.0001,51.64
21.6667,Two-body only,6519.32,1149.53,1452.43,-2.09588,4.57844,5.78485,6777.35,399.211,6778,0.0001,51.64
21.8333,Two-body only,3910.51,3435.46,4340.69,-6.26345,2.74639,3.47005,6777.61,399.472,6778,0.0001,51.64
22,Two-body only,-432.536,4197.88,5304.01,-7.65301,-0.303226,-0.383125,6778.04,399.906,6778,0.0001,51.64
22.1667,Two-body only,-4583.86,3099.01,3915.59,-5.64934,-3.21786,-4.06575,6778.46,400.321,6778,0.0001,51.64
22.3333,Two-body only,-6703.13,626.281,791.304,-1.14164,-4.70565,-5.94557,6778.67,400.533,6778,0.0001,51.64
22.5,Two-body only,-5851.07,-2124.07,-2683.76,3.872,-4.10749,-5.1898,6778.59,400.448,6778,0.0001,51.64
22.6667,Two-body only,-2405.29,-3932.82,-4969.11,7.16957,-1.68834,-2.13321,6778.24,400.103,6778,0.0001,51.64
22.8333,Two-body only,2106.82,-3997.93,-5051.37,7.28875,1.47982,1.86975,6777.79,399.652,6778,0.0001,51.64
23,Two-body only,5684.63,-2290.22,-2893.69,4.17559,3.99226,5.04421,6777.43,399.294,6778,0.0001,51.64
23.1667,Two-body only,6741.29,433.18,547.322,-0.789798,4.73433,5.98181,6777.33,399.189,6778,0.0001,51.64
23.3333,Two-body only,4808.04,2964.46,3745.59,-5.40482,3.37667,4.26642,6777.52,399.382,6778,0.0001,51.64
23.5,Two-body only,742.475,4181.07,5282.77,-7.62249,0.521809,0.659304,6777.93,399.789,6778,0.0001,51.64
23.6667,Two-body only,-3652.38,3543.75,4477.52,-6.46017,-2.5639,-3.23948,6778.37,400.228,6778,0.0001,51.64
23.8333,Two-body only,-6428.07,1335.36,1687.22,-2.43422,-4.51255,-5.7016,6778.64,400.506,6778,0.0001,51.64
24,Two-body only,-6354.33,-1464.99,-1851.01,2.67053,-4.46078,-5.63619,6778.64,400.498,6778,0.0001,51.64
0,Two-body + J2,6777.32,0,0,-0,4.75964,6.01378,6777.32,399.185,6778,0.0001,51.64
0.166667,Two-body + J2,5272.53,2641.14,3336.32,-4.82085,3.70316,4.67524,6775.41,397.272,6773.28,0.000821263,51.6242
0.333333,Two-body + J2,1427.74,4110.44,5188.24,-7.49857,1.00521,1.25858,6771.41,393.272,6766.56,0.0011148,51.6016
0.5,Two-body + J2,-3050.13,3756.5,4732.47,-6.84923,-2.14039,-2.72016,6768.37,390.235,6768.47,0.000431382,51.6081
0.666667,Two-body + J2,-6171.69,1733.55,2168.24,-3.14966,-4.342,-5.49578,6767.29,389.151,6776.02,0.0012915,51.6333
0.833333,Two-body + J2,-6542.7,-1061.48,-1364.36,1.96151,-4.61208,-5.81979,6767.21,389.073,6777.23,0.00147959,51.6374
1,Two-body + J2,-3996.82,-3383.59,-4287.4,6.19271,-2.82824,-3.54489,6767.94,389.808,6770.18,0.000462122,51.6138
1.16667,Two-body + J2,327.284,-4201.46,-5299.08,7.66164,0.206344,0.301967,6770.5,392.361,6766.06,0.00101815,51.6
1.33333,Two-body + J2,4506.62,-3155.32,-3953.27,5.73009,3.14588,4.01003,6774.51,396.377,6771.37,0.000971238,51.6178
1.5,Two-body + J2,6686.3,-709.443,-848.879,1.25311,4.69147,5.93624,6777.2,399.066,6777.69,0.000227535,51.639
1.66667,Two-body + J2,5896.92,2051.37,2633.39,-3.78194,4.15461,5.22018,6776.17,398.038,6775.06,0.000643694,51.6301
1.83333,Two-body + J2,2489.9,3901.85,4943.8,-7.13441,1.77524,2.18266,6772.38,394.248,6767.62,0.00114031,51.6052
2,Two-body + J2,-2021.47,4021.77,5055.43,-7.32122,-1.39172,-1.82592,6768.92,390.786,6767.12,0.000606311,51.6036
2.16667,Two-body + J2,-5634.28,2355.83,2915.98,-4.25222,-3.94728,-5.02972,6767.42,389.286,6774.39,0.0010392,51.6279
2.33333,Two-body + J2,-6737.22,-358.848,-525.141,0.720039,-4.74961,-5.99316,6767.18,389.04,6777.91,0.00158381,51.6396
2.5,Two-body + J2,-4835.98,-2913.63,-3731.6,5.36902,-3.43555,-4.27872,6767.63,389.493,6772.08,0.000695633,51.6202
2.66667,Two-body + J2,-781.924,-4172.29,-5273.45,7.61919,-0.598734,-0.662727,6769.68,391.545,6766.17,0.000855506,51.6003
2.83333,Two-body + J2,3619.82,-3579.27,-4468.4,6.48533,2.49871,3.24172,6773.54,395.402,6769.52,0.00107963,51.6116
3,Two-body + J2,6415.68,-1398.63,-1675.87,2.47238,4.48894,5.70564,6776.85,398.714,6776.81,0.000418584,51.636
3.16667,Two-body + J2,6388.25,1359.14,1807.77,-2.5618,4.50448,5.65363,6776.8,398.666,6776.61,0.00043829,51.6354
3.33333,Two-body + J2,3548.93,3557.2,4542.14,-6.53515,2.53901,3.10743,6773.45,395.314,6769.24,0.00109319,51.6106
3.5,Two-body + J2,-790.336,4182.64,5264,-7.61791,-0.49933,-0.75362,6769.7,391.56,6766.21,0.000846215,51.6005
3.66667,Two-body + J2,-4841.8,2976.81,3673.81,-5.36195,-3.3657,-4.34273,6767.67,389.528,6772.26,0.000716469,51.6208
3.83333,Two-body + J2,-6737.76,446.682,444.726,-0.710241,-4.74049,-6.00156,6767.18,389.046,6777.94,0.00158789,51.6398
4,Two-body + J2,-5629.29,-2282.52,-2983.08,4.26011,-4.00295,-4.9787,6767.39,389.253,6774.23,0.00101864,51.6273
4.16667,Two-body + J2,-2013.26,-3995.69,-5079.29,7.32368,-1.48735,-1.73846,6768.9,390.761,6767.02,0.000617771,51.6032
4.33333,Two-body + J2,2497.65,-3934.63,-4913.84,7.13046,1.68232,2.26771,6772.4,394.261,6767.74,0.00113566,51.6056
4.5,Two-body + J2,5900.71,-2128.42,-2562.86,3.77319,4.10572,5.26509,6776.2,398.06,6775.21,0.000635369,51.6307
4.66667,Two-body + J2,6684.36,622.384,928.635,-1.26269,4.70826,5.92087,6777.19,399.057,6777.63,0.000232227,51.6388
4.83333,Two-body + J2,4499.85,3096.92,4006.77,-5.73598,3.22093,3.9413,6774.49,396.353,6771.19,0.000980892,51.6172
5,Two-body + J2,318.779,4197.69,5302.59,-7.66134,0.306343,0.210533,6770.5,392.367,6766.04,0.00101331,51.5999
5.16667,Two-body + J2,-4003.27,3436.14,4239.38,-6.18637,-2.74785,-3.61855,6767.98,389.843,6770.35,0.000475711,51.6144
5.33333,Two-body + J2,-6544.14,1146.9,1286.17,-1.95182,-4.58716,-5.84274,6767.23,389.09,6777.32,0.00149047,51.6377
5.5,Two-body + J2,-6167.43,-1653.36,-2241.67,3.15817,-4.38367,-5.45762,6767.26,389.125,6775.88,0.00127455,51.6329
5.66667,Two-body + J2,-3042.15,-3717.31,-4768.37,6.85265,-2.23006,-2.63814,6768.34,390.204,6768.32,0.000436049,51.6076
5.83333,Two-body + J2,1435.84,-4129.72,-5170.67,7.49553,0.907548,1.34793,6771.41,393.278,6766.64,0.00111442,51.6019
6,Two-body + J2,5277.11,-2710.32,-3273.03,4.81261,3.64098,4.73235,6775.43,397.296,6773.45,0.000811831,51.6248
6.16667,Two-body + J2,6776.14,-120.032,40.8169,0.0481058,4.75962,6.01361,6777.32,399.185,6778,9.99711e-05,51.64
6.33333,Two-body + J2,5298.32,2547.76,3367.95,-4.78248,3.78856,4.64603,6775.42,397.286,6773.19,0.000823223,51.6239
6.5,Two-body + J2,1469.15,4085.18,5196.67,-7.48694,1.13813,1.21345,6771.45,393.312,6766.52,0.0011178,51.6015
6.66667,Two-body + J2,-2945.39,3829.76,4740.21,-6.90626,-1.97198,-2.70288,6768.46,390.321,6768.44,0.000438918,51.608
6.83333,Two-body + J2,-6121.92,1883.99,2183.88,-3.2688,-4.26323,-5.48779,6767.33,389.188,6775.99,0.00128255,51.6332
7,Two-body + J2,-6570.14,-900.888,-1347.77,1.83337,-4.65834,-5.82478,6767.19,389.051,6777.25,0.00148531,51.6374
7.16667,Two-body + J2,-4089.2,-3284.43,-4277.27,6.11279,-2.97871,-3.56054,6767.87,389.733,6770.22,0.000467586,51.6139
7.33333,Two-body + J2,211.107,-4207.77,-5299.84,7.66524,0.0188565,0.28274,6770.4,392.259,6766.06,0.00100786,51.6
7.5,Two-body + J2,4418.19,-3264.25,-3964.49,5.81539,3.00455,3.99573,6774.43,396.294,6771.33,0.000976579,51.6176
7.66667,Two-body + J2,6664.8,-872.619,-865.519,1.38231,4.659,5.93315,6777.18,399.046,6777.68,0.000243575,51.6389
7.83333,Two-body + J2,5951.89,1906.42,2618.74,-3.66611,4.24545,5.22965,6776.23,398.092,6775.09,0.000630961,51.6303
8,Two-body + J2,2596.98,3839.47,4937.68,-7.08327,1.94901,2.20054,6772.48,394.346,6767.64,0.00114359,51.6053
8.16667,Two-body + J2,-1909.76,4069.69,5060.64,-7.35753,-1.21204,-1.8075,6769.02,390.879,6767.1,0.000619205,51.6035
8.33333,Two-body + J2,-5567.57,2492.83,2930.3,-4.36016,-3.84161,-5.019,6767.47,389.337,6774.36,0.0010282,51.6278
8.5,Two-body + J2,-6745.29,-193.753,-508.067,0.588454,-4.76534,-5.99506,6767.17,389.033,6777.92,0.00158594,51.6397
8.66667,Two-body + J2,-4915.22,-2794.05,-3719.39,5.27262,-3.56559,-4.29236,6767.57,389.429,6772.12,0.000706535,51.6203
8.83333,Two-body + J2,-897.002,-4151.41,-5271.48,7.60069,-0.78489,-0.681889,6769.58,391.446,6766.18,0.000842948,51.6004
9,Two-body + J2,3519.99,-3666.29,-4477.46,6.55267,2.3391,3.22556,6773.45,395.31,6769.49,0.00108093,51.6115
9.16667,Two-body + J2,6375.35,-1554.9,-1691.86,2.59569,4.42666,5.69957,6776.81,398.676,6776.79,0.000434165,51.6359
9.33333,Two-body + J2,6400.02,1246.69,1846.79,-2.51658,4.55001,5.6374,6776.81,398.671,6776.55,0.000436182,51.6352
9.5,Two-body + J2,3583.23,3494.99,4563.5,-6.50819,2.65446,3.06708,6773.48,395.339,6769.16,0.00109764,51.6104
9.66667,Two-body + J2,-823.049,4193.19,5250.58,-7.6109,-0.417525,-0.866131,6769.7,391.56,6766.27,0.0008321,51.6007
9.83333,Two-body + J2,-4863.34,3030.37,3600.91,-5.33308,-3.30974,-4.42075,6767.7,389.559,6772.49,0.000743808,51.6215
10,Two-body + J2,-6738.42,519.326,344.8,-0.67224,-4.73531,-6.01005,6767.19,389.051,6777.98,0.00159234,51.6399
10.1667,Two-body + J2,-5608.74,-2223.2,-3065.37,4.28996,-4.05084,-4.91378,6767.36,389.224,6774.01,0.000991532,51.6266
10.3333,Two-body + J2,-1980.8,-3976.18,-5107.27,7.33208,-1.56699,-1.62942,6768.89,390.751,6766.9,0.000634059,51.6028
10.5,Two-body + J2,2527.57,-3963.66,-4875.11,7.1139,1.60648,2.37246,6772.43,394.298,6767.9,0.00113041,51.6062
10.6667,Two-body + J2,5914.76,-2193.05,-2474.57,3.73885,4.06747,5.31909,6776.23,398.097,6775.4,0.000623282,51.6313
10.8333,Two-body + J2,6676.19,550.891,1027.24,-1.29947,4.72451,5.89989,6777.18,399.042,6777.55,0.000241245,51.6385
11,Two-body + J2,4473.14,3050.33,4071.81,-5.75858,3.28449,3.85479,6774.44,396.308,6770.96,0.000993646,51.6164
11.1667,Two-body + J2,285.491,4196.74,5305.22,-7.65987,0.389006,0.0970489,6770.49,392.354,6766.03,0.00100489,51.5999
11.3333,Two-body + J2,-4028.34,3481.25,4178.44,-6.16147,-2.68299,-3.70877,6768.01,389.871,6770.57,0.000494399,51.6151
11.5,Two-body + J2,-6549.75,1217.91,1188.73,-1.91435,-4.56904,-5.86933,6767.24,389.104,6777.42,0.00150384,51.638
11.6667,Two-body + J2,-6151,-1588.14,-2332.06,3.19122,-4.42033,-5.4085,6767.24,389.1,6775.7,0.00125189,51.6323
11.8333,Two-body + J2,-3011.12,-3686.98,-4811.39,6.86642,-2.3052,-2.53553,6768.32,390.184,6768.15,0.00044452,51.607
12,Two-body + J2,1467.61,-4147.85,-5147.22,7.48416,0.827477,1.45832,6771.44,393.305,6766.74,0.00111485,51.6022
12.1667,Two-body + J2,5295.49,-2768.82,-3193.5,4.78103,3.59169,4.80164,6775.48,397.339,6773.67,0.000799009,51.6255
12.3333,Two-body + J2,6772.98,-161.155,181.189,-0.0475925,4.76382,6.01028,6777.32,399.183,6777.99,0.000100391,51.64
12.5,Two-body + J2,5242.81,2518.11,3475.24,-4.85447,3.82114,4.54342,6775.34,397.203,6772.88,0.000844849,51.6228
12.6667,Two-body + J2,1386.07,4080.23,5223.23,-7.50337,1.18469,1.05739,6771.38,393.244,6766.4,0.00111297,51.6011
12.8333,Two-body + J2,-3085.22,3832.58,4648.04,-6.82327,-1.97938,-2.90164,6768.43,390.289,6768.81,0.000423364,51.6092
13,Two-body + J2,-6184.46,1881.96,2001.88,-3.10407,-4.27133,-5.57667,6767.34,389.199,6776.32,0.00132897,51.6343
13.1667,Two-body + J2,-6527.28,-906.974,-1538.39,2.00611,-4.66321,-5.76347,6767.17,389.038,6777.02,0.00145256,51.6367
13.3333,Two-body + J2,-3960.23,-3291.92,-4391.37,6.21597,-2.9784,-3.37689,6767.88,389.746,6769.79,0.000434695,51.6125
13.5,Two-body + J2,368.605,-4213.53,-5286.79,7.6536,0.0241434,0.506537,6770.51,392.373,6766.12,0.00102937,51.6002
13.6667,Two-body + J2,4534.28,-3265.78,-3830.14,5.69429,3.01289,4.16062,6774.58,396.447,6771.77,0.000949495,51.6191
13.8333,Two-body + J2,6687.83,-869.127,-669.531,1.20523,4.6667,5.96567,6777.22,399.085,6777.81,0.000214345,51.6394
14,Two-body + J2,5871.57,1913.41,2789.14,-3.82008,4.24899,5.11519,6776.11,397.977,6774.7,0.000665764,51.6289
14.1667,Two-body + J2,2449.13,3846.93,5006.74,-7.14574,1.94698,1.99035,6772.34,394.201,6767.35,0.00114904,51.6043
14.3333,Two-body + J2,-2059.48,4074.35,4997.7,-7.30102,-1.21906,-2.0203,6768.96,390.825,6767.37,0.000578663,51.6044
14.5,Two-body + J2,-5652.55,2492.44,2763.19,-4.2091,-3.85076,-5.13982,6767.48,389.346,6774.76,0.00108569,51.6291
14.6667,Two-body + J2,-6727.4,-199.173,-704.869,0.766787,-4.77225,-5.96929,6767.16,389.024,6777.82,0.00157214,51.6393
14.8333,Two-body + J2,-4802.52,-2802.12,-3857.95,5.39797,-3.56725,-4.13171,6767.56,389.426,6771.67,0.000648279,51.6188
15,Two-body + J2,-739.923,-4158.72,-5290.18,7.6177,-0.78077,-0.458558,6769.67,391.535,6766.1,0.000877128,51.6001
15.1667,Two-body + J2,3651.66,-3669.71,-4368.1,6.45423,2.34755,3.4126,6773.6,395.467,6769.9,0.00106145,51.6128
15.3333,Two-body + J2,6423.09,-1552.81,-1502.99,2.42515,4.43584,5.76723,6776.89,398.754,6777.04,0.000402313,51.6368
15.5,Two-body + J2,6342.5,1253.42,2031.15,-2.68317,4.55569,5.55529,6776.72,398.585,6776.25,0.000470333,51.6341
15.6667,Two-body + J2,3446.14,3503.41,4661.34,-6.59661,2.65425,2.87206,6773.32,395.187,6768.77,0.00111536,51.6091
15.8333,Two-body + J2,-978.785,4199.65,5218.49,-7.58226,-0.42369,-1.08751,6769.62,391.48,6766.42,0.000794123,51.6012
16,Two-body + J2,-4968.52,3031.86,3453.02,-5.1996,-3.31952,-4.57034,6767.7,389.561,6772.93,0.000803887,51.623
16.1667,Two-body + J2,-6745.96,514.995,146.909,-0.492995,-4.74413,-6.02049,6767.19,389.049,6778.02,0.00159885,51.64
16.3333,Two-body + J2,-5515.25,-2231.47,-3224.83,4.43428,-4.05468,-4.78032,6767.35,389.211,6773.58,0.000931751,51.6252
16.5,Two-body + J2,-1828.18,-3984.85,-5157.27,7.37732,-1.56443,-1.41227,6768.95,390.814,6766.68,0.000674782,51.6021
16.6667,Two-body + J2,2671.42,-3969.03,-4793.56,7.0406,1.61457,2.57686,6772.59,394.45,6768.24,0.00112166,51.6073
16.8333,Two-body + J2,5985.95,-2192.67,-2297.69,3.57928,4.07778,5.42013,6776.34,398.206,6775.76,0.000590842,51.6325
17,Two-body + J2,6642.96,556.918,1220.81,-1.47435,4.7323,5.85228,6777.13,398.993,6777.37,0.000272221,51.6379
17.1667,Two-body + J2,4350.35,3059.37,4195.92,-5.87069,3.28639,3.67995,6774.29,396.157,6770.53,0.00102063,51.615
17.3333,Two-body + J2,127.758,4204.88,5304.79,-7.65979,0.384142,-0.127235,6770.39,392.25,6766.03,0.000978524,51.5999
17.5,Two-body + J2,-4150.99,3484.78,4053.56,-6.04897,-2.6929,-3.88321,6768,389.861,6771.01,0.00053895,51.6166
17.6667,Two-body + J2,-6582.51,1215.06,994.881,-1.7389,-4.57952,-5.91572,6767.25,389.109,6777.61,0.00153004,51.6386
17.8333,Two-body + J2,-6079.14,-1596.17,-2508.3,3.35078,-4.42648,-5.30574,6767.22,389.083,6775.34,0.00120079,51.6311
18,Two-body + J2,-2866.91,-3696.71,-4891.4,6.93876,-2.30456,-2.33015,6768.36,390.223,6767.82,0.000472258,51.6059
18.1667,Two-body + J2,1619.92,-4155.15,-5095.58,7.43786,0.834721,1.67484,6771.58,393.444,6766.97,0.00111922,51.603
18.3333,Two-body + J2,5388.28,-2770.43,-3033.16,4.63654,3.6027,4.93341,6775.61,397.474,6774.1,0.000767697,51.6269
18.5,Two-body + J2,6764.9,-156.259,378.987,-0.226226,4.7736,5.99841,6777.31,399.174,6777.94,0.000109117,51.6398
18.6667,Two-body + J2,5137.48,2527.36,3622.44,-4.9874,3.82534,4.39326,6775.2,397.063,6772.43,0.000877658,51.6213
18.8333,Two-body + J2,1230.4,4089.82,5254.46,-7.53182,1.18154,0.835942,6771.26,393.119,6766.26,0.00110112,51.6007
19,Two-body + J2,-3222.13,3838.24,4549.4,-6.73461,-1.98892,-3.09638,6768.4,390.261,6769.19,0.00041826,51.6105
19.1667,Two-body + J2,-6241.57,1880.95,1817.08,-2.93701,-4.28309,-5.65776,6767.34,389.207,6776.62,0.00137224,51.6353
19.3333,Two-body + J2,-6478.92,-914.304,-1726.85,2.17674,-4.67167,-5.69411,6767.16,389.022,6776.75,0.00141611,51.6358
19.5,Two-body + J2,-3828.15,-3302.36,-4499.35,6.31359,-2.97999,-3.18857,6767.9,389.762,6769.38,0.000411775,51.6111
19.6667,Two-body + J2,525.446,-4222.64,-5266.37,7.63546,0.0300757,0.729626,6770.63,392.492,6766.21,0.00104792,51.6005
19.8333,Two-body + J2,4646.25,-3269.54,-3690.45,5.56859,3.02412,4.31972,6774.74,396.598,6772.22,0.000921854,51.6206
20,Two-body + J2,6705.09,-865.772,-472.609,1.02749,4.67824,5.98986,6777.25,399.117,6777.91,0.000186142,51.6397
20.1667,Two-body + J2,5810.96,1895.91,2924.51,-3.92421,4.27083,5.01711,6776.03,397.888,6774.37,0.000692873,51.6278
20.3333,Two-body + J2,2344.27,3845.49,5057.65,-7.18348,1.97657,1.81782,6772.24,394.101,6767.13,0.00115231,51.6036
20.5,Two-body + J2,-2162.02,4089.64,4941.56,-7.25583,-1.19512,-2.19086,6768.94,390.799,6767.61,0.000548494,51.6052
20.6667,Two-body + J2,-5707.13,2517.51,2624.84,-4.10054,-3.84334,-5.23255,6767.5,389.361,6775.08,0.00112998,51.6302
20.8333,Two-body + J2,-6709.5,-175.598,-863.751,0.890312,-4.78444,-5.94226,6767.15,389.013,6777.71,0.00155809,51.639
21,Two-body + J2,-4720.2,-2790.59,-3966.37,5.48081,-3.59368,-3.9972,6767.55,389.414,6771.31,0.000603633,51.6176
21.1667,Two-body + J2,-630.019,-4164.5,-5299.93,7.62334,-0.809784,-0.276952,6769.73,391.596,6766.05,0.000901435,51.5999
21.3333,Two-body + J2,3740.32,-3690.3,-4274.92,6.38046,2.32915,3.56086,6773.72,395.582,6770.24,0.00104478,51.614
21.5,Two-body + J2,6451.05,-1578.99,-1348.22,2.30444,4.43631,5.81621,6776.94,398.806,6777.23,0.00037925,51.6374
21.6667,Two-body + J2,6297.26,1233.32,2178.63,-2.7969,4.5747,5.483,6776.65,398.518,6775.99,0.000496679,51.6333
21.8333,Two-body + J2,3347.93,3498.37,4735.96,-6.65267,2.68348,2.71094,6773.22,395.078,6768.47,0.0011286,51.6081
22,Two-body + J2,-1086.32,4211.96,5187.14,-7.55608,-0.397373,-1.26598,6769.57,391.436,6766.55,0.000763659,51.6016
22.1667,Two-body + J2,-5037.58,3055.95,3329.54,-5.10239,-3.30812,-4.68699,6767.71,389.574,6773.29,0.000851811,51.6242
22.3333,Two-body + J2,-6745.59,539.985,-13.7308,-0.367837,-4.75258,-6.02278,6767.18,389.046,6778.03,0.00160083,51.64
22.5,Two-body + J2,-5445.61,-2216.75,-3350.84,4.53097,-4.07917,-4.6672,6767.33,389.192,6773.23,0.000883701,51.624
22.6667,Two-body + J2,-1720.5,-3987.07,-5192.54,7.40262,-1.59422,-1.23472,6768.99,390.854,6766.53,0.000705666,51.6016
22.8333,Two-body + J2,2652.08,-4013.21,-4767.43,7.04171,1.50739,2.63825,6772.58,394.442,6768.34,0.00111683,51.6076
23,Two-body + J2,5971.48,-2286.5,-2243.26,3.59373,4.02589,5.44935,6776.35,398.211,6775.87,0.000588232,51.6329
23.1667,Two-body + J2,6639.7,455.144,1279.33,-1.45285,4.7587,5.83619,6777.12,398.987,6777.31,0.000273164,51.6377
23.3333,Two-body + J2,4359.79,2994.85,4232.51,-5.85147,3.37936,3.62581,6774.29,396.156,6770.4,0.0010276,51.6145
23.5,Two-body + J2,145.797,4206.29,5303.25,-7.65148,0.502421,-0.195294,6770.42,392.279,6766.04,0.000975551,51.5999
23.6667,Two-body + J2,-4132.34,3551.51,4014.6,-6.05531,-2.60194,-3.93505,6768.04,389.905,6771.14,0.000550742,51.617
23.8333,Two-body + J2,-6571.5,1317.37,935.842,-1.75704,-4.55648,-5.92814,6767.26,389.123,6777.65,0.00153552,51.6388
24,Two-body + J2,-6080.65,-1503.9,-2561.03,3.32876,-4.48167,-5.27312,6767.19,389.052,6775.23,0.00118808,51.6307
0,Two-body + J2 + Drag,6777.32,0,0,-0,4.75964,6.01378,6777.32,399.185,6778,0.0001,51.64
0.166667,Two-body + J2 + Drag,5272.53,2641.14,3336.31,-4.82085,3.70316,4.67524,6775.41,397.272,6773.28,0.000821347,51.6242
0.333333,Two-body + J2 + Drag,1427.74,4110.44,5188.24,-7.49857,1.00521,1.25858,6771.41,393.272,6766.56,0.00111504,51.6016
0.5,Two-body + J2 + Drag,-3050.13,3756.5,4732.47,-6.84923,-2.14039,-2.72016,6768.37,390.234,6768.47,0.00043166,51.6081
0.666667,Two-body + J2 + Drag,-6171.69,1733.55,2168.23,-3.14965,-4.342,-5.49579,6767.28,389.148,6776.02,0.00129142,51.6333
0.833333,Two-body + J2 + Drag,-6542.69,-1061.48,-1364.36,1.96152,-4.61208,-5.81979,6767.21,389.068,6777.23,0.0014796,51.6374
1,Two-body + J2 + Drag,-3996.81,-3383.59,-4287.4,6.19272,-2.82824,-3.54488,6767.94,389.801,6770.17,0.000461964,51.6138
1.16667,Two-body + J2 + Drag,327.304,-4201.45,-5299.08,7.66165,0.20636,0.301987,6770.49,392.353,6766.05,0.00101783,51.6
1.33333,Two-body + J2 + Drag,4506.63,-3155.31,-3953.25,5.73007,3.1459,4.01005,6774.51,396.368,6771.36,0.000971051,51.6178
1.5,Two-body + J2 + Drag,6686.29,-709.418,-848.847,1.25307,4.69148,5.93625,6777.19,399.056,6777.69,0.000227546,51.639
1.66667,Two-body + J2 + Drag,5896.89,2051.4,2633.42,-3.78199,4.1546,5.22016,6776.17,398.029,6775.05,0.000643706,51.6301
1.83333,Two-body + J2 + Drag,2489.84,3901.86,4943.81,-7.13443,1.77521,2.18262,6772.38,394.238,6767.61,0.00114046,51.6052
2,Two-body + J2 + Drag,-2021.54,4021.75,5055.41,-7.32121,-1.39177,-1.82597,6768.91,390.776,6767.11,0.000606566,51.6036
2.16667,Two-body + J2 + Drag,-5634.32,2355.78,2915.93,-4.25214,-3.94732,-5.02977,6767.41,389.275,6774.38,0.00103908,51.6279
2.33333,Two-body + J2 + Drag,-6737.2,-358.903,-525.21,0.720144,-4.74961,-5.99316,6767.16,389.027,6777.9,0.00158373,51.6396
2.5,Two-body + J2 + Drag,-4835.9,-2913.67,-3731.65,5.36911,-3.4355,-4.27865,6767.61,389.478,6772.06,0.000695531,51.6202
2.66667,Two-body + J2 + Drag,-781.803,-4172.28,-5273.44,7.61921,-0.59865,-0.662619,6769.67,391.528,6766.15,0.000855146,51.6003
2.83333,Two-body + J2 + Drag,3619.92,-3579.21,-4468.33,6.48525,2.49879,3.24183,6773.52,395.384,6769.51,0.00107933,51.6116
3,Two-body + J2 + Drag,6415.72,-1398.54,-1675.75,2.47222,4.48898,5.70569,6776.83,398.695,6776.79,0.000418504,51.636
3.16667,Two-body + J2 + Drag,6386.98,1361.34,1810.54,-2.56581,4.50363,5.6525,6776.78,398.645,6776.59,0.000438921,51.6353
3.33333,Two-body + J2 + Drag,3545.71,3558.43,4543.66,-6.53739,2.53677,3.10456,6773.43,395.292,6769.21,0.0010935,51.6106
3.5,Two-body + J2 + Drag,-818.177,4180.76,5261.19,-7.61415,-0.518915,-0.77834,6769.66,391.523,6766.21,0.000841446,51.6005
3.66667,Two-body + J2 + Drag,-4861.36,2964.46,3657.88,-5.33915,-3.37968,-4.36002,6767.64,389.503,6772.29,0.000723512,51.6209
3.83333,Two-body + J2 + Drag,-6740.28,429.323,422.749,-0.678462,-4.74257,-6.00362,6767.16,389.025,6777.93,0.00158901,51.6398
4,Two-body + J2 + Drag,-5613.61,-2297.16,-3001.28,4.28661,-3.99217,-4.96456,6767.37,389.234,6774.16,0.00101141,51.6272
4.16667,Two-body + J2 + Drag,-1986.38,-4001.1,-5085.6,7.33309,-1.46855,-1.7145,6768.89,390.752,6766.97,0.000622847,51.6031
4.33333,Two-body + J2 + Drag,2523.79,-3928.41,-4905.45,7.11867,1.7008,2.29085,6772.4,394.26,6767.75,0.00113489,51.6057
4.5,Two-body + J2 + Drag,5914.5,-2113.3,-2543.48,3.74538,4.11571,5.27716,6776.19,398.05,6775.23,0.00063045,51.6308
4.66667,Two-body + J2 + Drag,6679.63,639.693,950.4,-1.2942,4.7053,5.91644,6777.16,399.023,6777.59,0.000236969,51.6387
4.83333,Two-body + J2 + Drag,4478.67,3108.74,4021.23,-5.75716,3.20631,3.92233,6774.44,396.301,6771.11,0.000984201,51.617
5,Two-body + J2 + Drag,290.541,4198.77,5303.3,-7.66279,0.286532,0.185436,6770.45,392.318,6766.01,0.00100992,51.5999
5.16667,Two-body + J2 + Drag,-4026.04,3425.96,4225.98,-6.16736,-2.7641,-3.63866,6767.94,389.806,6770.37,0.000480196,51.6145
5.33333,Two-body + J2 + Drag,-6551.26,1129.95,1264.58,-1.92069,-4.59259,-5.84884,6767.2,389.059,6777.31,0.00149388,51.6378
5.5,Two-body + J2 + Drag,-6218.54,-1580.56,-2151,3.02635,-4.4181,-5.50452,6767.22,389.084,6776.02,0.00130056,51.6334
5.66667,Two-body + J2 + Drag,-3154.9,-3679.76,-4723.89,6.78694,-2.30852,-2.73911,6768.25,390.116,6768.47,0.00042361,51.6082
5.83333,Two-body + J2 + Drag,1311.69,-4143.98,-5192.01,7.52463,0.82,1.23796,6771.27,393.133,6766.51,0.00110707,51.6016
6,Two-body + J2 + Drag,5196.64,-2769.99,-3350.64,4.9235,3.58298,4.66204,6775.3,397.163,6773.2,0.000830453,51.624
6.16667,Two-body + J2 + Drag,6775.2,-166.93,-18.4484,0.133732,4.75782,6.01377,6777.28,399.147,6777.96,0.000101866,51.64
6.33333,Two-body + J2 + Drag,5345.07,2510.27,3321.96,-4.71534,3.82048,4.68838,6775.44,397.305,6773.28,0.000811462,51.6243
6.5,Two-body + J2 + Drag,1542.76,4073.7,5184.37,-7.46797,1.18955,1.27906,6771.48,393.339,6766.54,0.00112188,51.6017
6.66667,Two-body + J2 + Drag,-2943.65,3830.23,4740.86,-6.90722,-1.97076,-2.70137,6768.42,390.286,6768.4,0.000439169,51.608
6.83333,Two-body + J2 + Drag,-6121.09,1885.02,2185.21,-3.27074,-4.26265,-5.48711,6767.29,389.152,6775.95,0.00128186,51.6332
7,Two-body + J2 + Drag,-6570.54,-899.766,-1346.37,1.83135,-4.65863,-5.82521,6767.15,389.013,6777.21,0.00148532,51.6375
7.16667,Two-body + J2 + Drag,-4090.61,-3283.71,-4276.41,6.11158,-2.97971,-3.56184,6767.83,389.691,6770.18,0.000467474,51.6139
7.33333,Two-body + J2 + Drag,209.354,-4207.75,-5299.87,7.66533,0.0176263,0.281188,6770.35,392.214,6766.01,0.00100713,51.6
7.5,Two-body + J2 + Drag,4416.86,-3264.9,-3965.35,5.81667,3.00363,3.99462,6774.38,396.247,6771.28,0.00097635,51.6176
7.66667,Two-body + J2 + Drag,6664.46,-873.621,-866.796,1.38417,4.65878,5.93293,6777.14,398.999,6777.64,0.000243902,51.6389
7.83333,Two-body + J2 + Drag,5952.62,1905.51,2617.63,-3.66452,4.24597,5.23038,6776.18,398.047,6775.05,0.000630514,51.6303
8,Two-body + J2 + Drag,2598.4,3839.05,4937.2,-7.08262,1.95002,2.20184,6772.44,394.302,6767.6,0.00114348,51.6053
8.16667,Two-body + J2 + Drag,-1908.29,4069.9,5060.96,-7.35804,-1.21101,-1.80621,6768.97,390.835,6767.05,0.00061959,51.6035
8.33333,Two-body + J2 + Drag,-5566.7,2493.55,2931.24,-4.36155,-3.84101,-5.01829,6767.43,389.292,6774.31,0.00102747,51.6278
8.5,Two-body + J2 + Drag,-6745.35,-192.864,-506.949,0.586842,-4.7654,-5.99521,6767.12,388.986,6777.87,0.00158569,51.6397
8.66667,Two-body + J2 + Drag,-4916.13,-2793.39,-3718.59,5.2715,-3.56624,-4.29323,6767.52,389.379,6772.07,0.000706591,51.6203
8.83333,Two-body + J2 + Drag,-898.311,-4151.24,-5271.32,7.60052,-0.785812,-0.68306,6769.53,391.393,6766.13,0.000842158,51.6004
9,Two-body + J2 + Drag,3518.87,-3666.65,-4477.95,6.55344,2.33833,3.22462,6773.39,395.255,6769.43,0.00108048,51.6115
9.16667,Two-body + J2 + Drag,6374.89,-1555.59,-1692.75,2.597,4.42637,5.69925,6776.76,398.62,6776.73,0.000434235,51.6359
9.33333,Two-body + J2 + Drag,6400.34,1246,1845.93,-2.51536,4.55028,5.63778,6776.75,398.615,6776.5,0.000435841,51.6352
9.5,Two-body + J2 + Drag,3584.13,3494.58,4563.02,-6.50756,2.65511,3.06794,6773.42,395.285,6769.1,0.00109736,51.6104
9.66667,Two-body + J2 + Drag,-822.005,4193.21,5250.65,-7.61107,-0.416792,-0.865214,6769.64,391.506,6766.22,0.000832319,51.6007
9.83333,Two-body + J2 + Drag,-4862.61,3030.78,3601.45,-5.33391,-3.30925,-4.42017,6767.64,389.505,6772.43,0.000743173,51.6215
10,Two-body + J2 + Drag,-6738.28,519.903,345.531,-0.673302,-4.73524,-6.01002,6767.13,388.996,6777.92,0.0015919,51.6399
10.1667,Two-body + J2 + Drag,-5609.19,-2222.72,-3064.78,4.28915,-4.05119,-4.91425,6767.3,389.167,6773.96,0.000991452,51.6266
10.3333,Two-body + J2 + Drag,-1981.56,-3975.98,-5107.05,7.33184,-1.56754,-1.63012,6768.83,390.69,6766.84,0.000633275,51.6028
10.5,Two-body + J2 + Drag,2526.84,-3963.79,-4875.3,7.11425,1.60599,2.37185,6772.37,394.234,6767.84,0.0011298,51.6061
10.6667,Two-body + J2 + Drag,5914.36,-2193.4,-2475.03,3.73955,4.06724,5.31883,6776.17,398.031,6775.34,0.000623073,51.6313
10.8333,Two-body + J2 + Drag,6676.23,550.499,1026.75,-1.29877,4.72459,5.90003,6777.11,398.977,6777.49,0.00024117,51.6385
11,Two-body + J2 + Drag,4473.52,3050.06,4071.49,-5.75819,3.2848,3.85519,6774.38,396.244,6770.9,0.000993283,51.6164
11.1667,Two-body + J2 + Drag,285.982,4196.68,5305.17,-7.65988,0.389358,0.0974886,6770.43,392.291,6765.97,0.00100488,51.5999
11.3333,Two-body + J2 + Drag,-4027.96,3481.37,4178.6,-6.16179,-2.68275,-3.70849,6767.95,389.809,6770.51,0.000493963,51.6151
11.5,Two-body + J2 + Drag,-6549.59,1218.12,1189,-1.91477,-4.56899,-5.86928,6767.18,389.041,6777.36,0.00150332,51.638
11.6667,Two-body + J2 + Drag,-6151.07,-1587.95,-2331.83,3.19092,-4.42044,-5.40864,6767.17,389.035,6775.64,0.00125159,51.6323
11.8333,Two-body + J2 + Drag,-3011.3,-3686.87,-4811.26,6.86633,-2.30535,-2.53573,6768.25,390.116,6768.08,0.000443761,51.607
12,Two-body + J2 + Drag,1467.43,-4147.83,-5147.2,7.48424,0.827368,1.45819,6771.37,393.234,6766.67,0.00111417,51.6022
12.1667,Two-body + J2 + Drag,5295.38,-2768.84,-3193.53,4.78114,3.59167,4.80162,6775.4,397.266,6773.6,0.000798523,51.6255
12.3333,Two-body + J2 + Drag,6772.91,-161.164,181.177,-0.047576,4.76385,6.01031,6777.25,399.108,6777.92,0.000100898,51.6399
12.5,Two-body + J2 + Drag,5242.72,2518.11,3475.24,-4.85455,3.82113,4.54341,6775.27,397.129,6772.8,0.0008445,51.6228
12.6667,Two-body + J2 + Drag,1385.92,4080.21,5223.19,-7.50344,1.18461,1.05728,6771.31,393.172,6766.33,0.00111277,51.6011
12.8333,Two-body + J2 + Drag,-3085.37,3832.49,4647.91,-6.8232,-1.97952,-2.90182,6768.36,390.218,6768.73,0.000423132,51.6092
13,Two-body + J2 + Drag,-6184.51,1881.78,2001.65,-3.1038,-4.27144,-5.57679,6767.26,389.128,6776.24,0.00132849,51.6343
13.1667,Two-body + J2 + Drag,-6527.12,-907.176,-1538.64,2.00651,-4.66318,-5.76341,6767.1,388.965,6776.94,0.00145205,51.6367
13.3333,Two-body + J2 + Drag,-3959.84,-3292.04,-4391.51,6.21629,-2.97818,-3.37659,6767.81,389.67,6769.72,0.000433954,51.6125
13.5,Two-body + J2 + Drag,369.105,-4213.48,-5286.69,7.65362,0.0245004,0.506995,6770.43,392.294,6766.04,0.00102871,51.6001
13.6667,Two-body + J2 + Drag,4534.66,-3265.51,-3829.77,5.69388,3.01323,4.16102,6774.5,396.365,6771.7,0.000948769,51.6191
13.8333,Two-body + J2 + Drag,6687.85,-868.708,-668.996,1.20448,4.66683,5.96578,6777.14,399.002,6777.73,0.000214396,51.6394
14,Two-body + J2 + Drag,5871.12,1913.81,2789.61,-3.82085,4.24877,5.11487,6776.03,397.893,6774.62,0.000665534,51.6289
14.1667,Two-body + J2 + Drag,2448.31,3847.1,5006.9,-7.14612,1.94645,1.98965,6772.26,394.118,6767.27,0.00114872,51.6043
14.3333,Two-body + J2 + Drag,-2060.34,4074.16,4997.4,-7.30075,-1.2197,-2.02109,6768.88,390.744,6767.29,0.000578376,51.6044
14.5,Two-body + J2 + Drag,-5653.04,2491.91,2762.48,-4.20817,-3.85121,-5.14032,6767.4,389.266,6774.68,0.00108536,51.6291
14.6667,Two-body + J2 + Drag,-6727.21,-199.845,-705.71,0.768024,-4.77224,-5.96919,6767.08,388.944,6777.73,0.00157152,51.6393
14.8333,Two-body + J2 + Drag,-4801.64,-2802.63,-3858.53,5.39895,-3.56672,-4.13097,6767.48,389.343,6771.58,0.000647445,51.6188
15,Two-body + J2 + Drag,-738.664,-4158.8,-5290.19,7.6179,-0.7799,-0.457438,6769.59,391.449,6766.01,0.000876602,51.6001
15.1667,Two-body + J2 + Drag,3652.75,-3669.25,-4367.44,6.45345,2.34839,3.41362,6773.51,395.377,6769.81,0.00106056,51.6128
15.3333,Two-body + J2 + Drag,6423.46,-1551.96,-1501.88,2.42362,4.43625,5.76763,6776.8,398.661,6776.96,0.000401894,51.6368
15.5,Two-body + J2 + Drag,6341.87,1254.32,2032.24,-2.68482,4.5554,5.55481,6776.63,398.492,6776.16,0.000470337,51.6341
15.6667,Two-body + J2 + Drag,3444.69,3503.93,4661.89,-6.59759,2.65332,2.8708,6773.23,395.094,6768.68,0.00111502,51.609
15.8333,Two-body + J2 + Drag,-980.479,4199.5,5218.17,-7.58203,-0.424899,-1.08903,6769.53,391.39,6766.33,0.000793654,51.6012
16,Two-body + J2 + Drag,-4969.69,3031.04,3451.89,-5.19812,-3.32046,-4.57142,6767.61,389.472,6772.84,0.000803758,51.623
16.1667,Two-body + J2 + Drag,-6746,513.813,145.409,-0.490837,-4.74432,-6.02058,6767.1,388.96,6777.93,0.00159825,51.64
16.3333,Two-body + J2 + Drag,-5514.02,-2232.5,-3226.03,4.43616,-4.05396,-4.77927,6767.26,389.121,6773.49,0.000930699,51.6252
16.5,Two-body + J2 + Drag,-1826.15,-3985.22,-5157.58,7.37801,-1.56305,-1.41047,6768.86,390.72,6766.58,0.000674407,51.6021
16.6667,Two-body + J2 + Drag,2673.39,-3968.52,-4792.76,7.03968,1.61603,2.57864,6772.49,394.353,6768.15,0.00112074,51.6073
16.8333,Two-body + J2 + Drag,5986.93,-2191.43,-2296.03,3.57701,4.07865,5.42106,6776.24,398.106,6775.67,0.000590017,51.6325
17,Two-body + J2 + Drag,6642.4,558.386,1222.62,-1.47703,4.73212,5.85184,6777.03,398.89,6777.27,0.000272609,51.6379
17.1667,Two-body + J2 + Drag,4348.37,3060.4,4197.06,-5.87255,3.28515,3.67822,6774.19,396.054,6770.42,0.00102037,51.6149
17.3333,Two-body + J2 + Drag,125.154,4204.95,5304.67,-7.6599,0.382322,-0.12955,6770.29,392.15,6765.93,0.000977908,51.5999
17.5,Two-body + J2 + Drag,-4153.06,3483.79,4052.13,-6.04714,-2.6945,-3.88507,6767.9,389.763,6770.91,0.000538883,51.6166
17.6667,Two-body + J2 + Drag,-6583.05,1213.37,992.703,-1.73582,-4.58012,-5.91623,6767.15,389.012,6777.51,0.00152963,51.6386
17.8333,Two-body + J2 + Drag,-6077.78,-1597.82,-2510.27,3.35376,-4.42573,-5.30454,6767.12,388.984,6775.23,0.00119954,51.631
18,Two-body + J2 + Drag,-2864.15,-3697.56,-4892.24,6.94026,-2.30272,-2.3277,6768.26,390.121,6767.71,0.000471789,51.6059
18.1667,Two-body + J2 + Drag,1622.91,-4154.75,-5094.82,7.43707,0.836883,1.67751,6771.48,393.339,6766.86,0.00111842,51.603
18.3333,Two-body + J2 + Drag,5390.14,-2768.87,-3031.03,4.63368,3.60422,4.9351,6775.5,397.366,6774,0.000766529,51.6269
18.5,Two-body + J2 + Drag,6764.69,-154.185,381.593,-0.23,4.77373,5.99825,6777.2,399.062,6777.83,0.000110031,51.6398
18.6667,Two-body + J2 + Drag,5135.15,2529.03,3624.36,-4.9904,3.82393,4.3912,6775.09,396.95,6772.32,0.000877577,51.6213
18.8333,Two-body + J2 + Drag,1226.88,4090.31,5254.76,-7.53261,1.17912,0.832814,6771.14,393.008,6766.15,0.00110045,51.6006
19,Two-body + J2 + Drag,-3225.3,3837.23,4547.84,-6.73268,-1.99129,-3.09921,6768.29,390.154,6769.09,0.000417714,51.6105
19.1667,Two-body + J2 + Drag,-6242.92,1878.81,1814.26,-2.93307,-4.28432,-5.65896,6767.24,389.102,6776.51,0.00137216,51.6353
19.3333,Two-body + J2 + Drag,-6477.72,-916.65,-1729.71,2.18098,-4.67111,-5.69302,6767.05,388.915,6776.64,0.00141478,51.6358
19.5,Two-body + J2 + Drag,-3824.8,-3303.86,-4500.93,6.3162,-2.97781,-3.18557,6767.79,389.653,6769.27,0.000410521,51.6111
19.6667,Two-body + J2 + Drag,529.526,-4222.55,-5265.89,7.63516,0.0329707,0.733264,6770.52,392.38,6766.1,0.0010474,51.6005
19.8333,Two-body + J2 + Drag,4649.24,-3267.82,-3688,5.56535,3.02646,4.32238,6774.62,396.483,6772.11,0.000920448,51.6206
20,Two-body + J2 + Drag,6705.55,-863.107,-469.198,1.02262,4.67891,5.99026,6777.13,398.997,6777.79,0.000185815,51.6397
20.1667,Two-body + J2 + Drag,5783.99,1924.87,2958.51,-3.97478,4.25422,4.99143,6775.87,397.734,6774.17,0.000701267,51.6275
20.3333,Two-body + J2 + Drag,2295.17,3858.79,5069.81,-7.20378,1.94297,1.77351,6772.07,393.938,6766.96,0.00115122,51.6034
20.5,Two-body + J2 + Drag,-2211.51,4081.28,4926.35,-7.23672,-1.23092,-2.23424,6768.79,390.657,6767.55,0.000538678,51.6054
20.6667,Two-body + J2 + Drag,-5734.95,2491.08,2588.88,-4.05016,-3.86543,-5.25563,6767.38,389.24,6775.04,0.0011417,51.6305
20.8333,Two-body + J2 + Drag,-6703.07,-208.425,-904.502,0.949612,-4.78279,-5.93447,6767.04,388.898,6777.56,0.00155287,51.6389
21,Two-body + J2 + Drag,-4682.27,-2815.18,-3993.68,5.52241,-3.56894,-3.96195,6767.45,389.309,6771.09,0.00059043,51.6173
21.1667,Two-body + J2 + Drag,-577.424,-4169.88,-5301.58,7.62874,-0.772986,-0.229987,6769.65,391.511,6765.92,0.000908737,51.5999
21.3333,Two-body + J2 + Drag,3784.23,-3674.03,-4250.1,6.34721,2.36177,3.59874,6773.64,395.502,6770.21,0.00103911,51.6143
21.5,Two-body + J2 + Drag,6466.69,-1548.18,-1307.85,2.24707,4.45025,5.8281,6776.83,398.696,6777.15,0.000369975,51.6376
21.6667,Two-body + J2 + Drag,6277.52,1265.03,2216.62,-2.85291,4.56363,5.46343,6776.5,398.361,6775.79,0.000505941,51.633
21.8333,Two-body + J2 + Drag,3301.43,3516.88,4754.6,-6.68237,2.65224,2.66853,6773.04,394.903,6768.27,0.00113068,51.6078
22,Two-body + J2 + Drag,-1139.02,4208.98,5178.04,-7.54619,-0.435029,-1.31248,6769.42,391.278,6766.47,0.000752904,51.6018
22.1667,Two-body + J2 + Drag,-5073.04,3032.66,3296.57,-5.05696,-3.33553,-4.71692,6767.58,389.44,6773.26,0.000865081,51.6245
22.3333,Two-body + J2 + Drag,-6747.83,506.635,-55.9734,-0.306889,-4.75735,-6.02252,6767.06,388.921,6777.9,0.00160009,51.64
22.5,Two-body + J2 + Drag,-5413.48,-2245.31,-3383.48,4.58009,-4.05904,-4.63671,6767.21,389.075,6773.01,0.000868768,51.6237
22.6667,Two-body + J2 + Drag,-1668.25,-3998.1,-5200.97,7.41799,-1.55818,-1.18765,6768.89,390.756,6766.36,0.000715168,51.6014
22.8333,Two-body + J2 + Drag,2818.43,-3975.86,-4702.9,6.95852,1.62899,2.78283,6772.61,394.475,6768.47,0.00110941,51.6085
23,Two-body + J2 + Drag,6054.67,-2189.87,-2112.78,3.41039,4.09419,5.51603,6776.31,398.176,6775.97,0.000557342,51.6336
23.1667,Two-body + J2 + Drag,6602.56,568.238,1417.77,-1.65497,4.74314,5.79497,6776.93,398.795,6777.01,0.00030554,51.6371
23.3333,Two-body + J2 + Drag,4218.72,3074.2,4317.26,-5.98239,3.28683,3.49504,6774,395.862,6769.95,0.00104638,51.6135
23.5,Two-body + J2 + Drag,-36.6749,4216.65,5296.55,-7.65322,0.373833,-0.357608,6770.15,392.013,6765.93,0.000947765,51.6
23.6667,Two-body + J2 + Drag,-4275.21,3488.07,3919.16,-5.92652,-2.70984,-4.05702,6767.86,389.719,6771.33,0.000589808,51.6181
23.8333,Two-body + J2 + Drag,-6610.9,1208.08,793.938,-1.55434,-4.59536,-5.95488,6767.12,388.979,6777.62,0.00155183,51.6391
24,Two-body + J2 + Drag,-6067.26,-1521.63,-2581.88,3.35981,-4.47399,-5.25999,6767.06,388.921,6775.04,0.00118028,51.6305
0,Two-body + J2 + Drag + SRP,6777.32,0,0,-0,4.75964,6.01378,6777.32,399.185,6778,0.0001,51.64
0.166667,Two-body + J2 + Drag + SRP,5272.53,2641.14,3336.31,-4.82085,3.70316,4.67524,6775.41,397.272,6773.28,0.000821349,51.6242
0.333333,Two-body + J2 + Drag + SRP,1427.74,4110.44,5188.24,-7.49857,1.00521,1.25858,6771.41,393.272,6766.56,0.00111504,51.6016
0.5,Two-body + J2 + Drag + SRP,-3050.13,3756.5,4732.47,-6.84923,-2.14039,-2.72016,6768.37,390.234,6768.47,0.000431666,51.6081
0.666667,Two-body + J2 + Drag + SRP,-6171.69,1733.55,2168.23,-3.14965,-4.342,-5.49579,6767.28,389.148,6776.02,0.00129142,51.6333
0.833333,Two-body + J2 + Drag + SRP,-6542.69,-1061.48,-1364.36,1.96152,-4.61208,-5.81979,6767.21,389.068,6777.23,0.00147961,51.6374
1,Two-body + J2 + Drag + SRP,-3996.81,-3383.59,-4287.4,6.19272,-2.82824,-3.54488,6767.94,389.801,6770.17,0.000461975,51.6138
1.16667,Two-body + J2 + Drag + SRP,327.304,-4201.45,-5299.08,7.66165,0.20636,0.301987,6770.49,392.353,6766.05,0.00101784,51.6
1.33333,Two-body + J2 + Drag + SRP,4506.63,-3155.31,-3953.25,5.73007,3.1459,4.01005,6774.51,396.368,6771.36,0.000971062,51.6178
1.5,Two-body + J2 + Drag + SRP,6686.29,-709.418,-848.847,1.25307,4.69148,5.93625,6777.19,399.056,6777.69,0.000227544,51.639
1.66667,Two-body + J2 + Drag + SRP,5896.89,2051.4,2633.42,-3.78199,4.1546,5.22016,6776.17,398.029,6775.05,0.000643716,51.6301
1.83333,Two-body + J2 + Drag + SRP,2489.84,3901.86,4943.81,-7.13443,1.77521,2.18262,6772.38,394.238,6767.61,0.00114048,51.6052
2,Two-body + J2 + Drag + SRP,-2021.54,4021.75,5055.41,-7.32121,-1.39177,-1.82598,6768.91,390.776,6767.11,0.00060658,51.6036
2.16667,Two-body + J2 + Drag + SRP,-5634.32,2355.78,2915.93,-4.25214,-3.94732,-5.02977,6767.41,389.275,6774.38,0.0010391,51.6279
2.33333,Two-body + J2 + Drag + SRP,-6737.2,-358.903,-525.21,0.720144,-4.74961,-5.99316,6767.16,389.027,6777.9,0.00158375,51.6396
2.5,Two-body + J2 + Drag + SRP,-4835.9,-2913.67,-3731.65,5.36911,-3.4355,-4.27865,6767.61,389.478,6772.06,0.000695554,51.6202
2.66667,Two-body + J2 + Drag + SRP,-781.802,-4172.28,-5273.44,7.61921,-0.598649,-0.662619,6769.67,391.528,6766.15,0.000855164,51.6003
2.83333,Two-body + J2 + Drag + SRP,3619.92,-3579.21,-4468.33,6.48525,2.49879,3.24183,6773.52,395.384,6769.51,0.00107935,51.6116
3,Two-body + J2 + Drag + SRP,6415.72,-1398.54,-1675.75,2.47222,4.48898,5.70569,6776.83,398.696,6776.79,0.000418513,51.636
3.16667,Two-body + J2 + Drag + SRP,6387.44,1360.54,1809.53,-2.56436,4.50394,5.65292,6776.78,398.646,6776.59,0.00043869,51.6353
3.33333,Two-body + J2 + Drag + SRP,3546.87,3557.98,4543.11,-6.53658,2.53758,3.1056,6773.43,395.294,6769.22,0.00109343,51.6106
3.5,Two-body + J2 + Drag + SRP,-808.994,4181.39,5262.12,-7.61541,-0.512456,-0.770188,6769.67,391.529,6766.2,0.000843113,51.6005
3.66667,Two-body + J2 + Drag + SRP,-4854.92,2968.54,3663.13,-5.34667,-3.37508,-4.35433,6767.64,389.505,6772.27,0.000721167,51.6209
3.83333,Two-body + J2 + Drag + SRP,-6739.46,435.041,429.988,-0.68893,-4.7419,-6.00296,6767.16,389.024,6777.93,0.00158863,51.6398
4,Two-body + J2 + Drag + SRP,-5618.78,-2292.34,-2995.3,4.2779,-3.99573,-4.96923,6767.37,389.233,6774.17,0.0010138,51.6272
4.16667,Two-body + J2 + Drag + SRP,-1995.22,-3999.32,-5083.53,7.33002,-1.47474,-1.72239,6768.88,390.746,6766.98,0.000621056,51.6031
4.33333,Two-body + J2 + Drag + SRP,2515.2,-3930.46,-4908.21,7.12256,1.69473,2.28325,6772.39,394.252,6767.74,0.00113506,51.6057
4.5,Two-body + J2 + Drag + SRP,5909.98,-2118.27,-2549.84,3.75452,4.11244,5.27322,6776.18,398.044,6775.22,0.000632035,51.6308
4.66667,Two-body + J2 + Drag + SRP,6681.18,634.018,943.264,-1.28387,4.70628,5.91791,6777.16,399.025,6777.6,0.000235414,51.6387
4.83333,Two-body + J2 + Drag + SRP,4485.61,3104.87,4016.49,-5.75024,3.21111,3.92855,6774.45,396.309,6771.12,0.000983143,51.617
5,Two-body + J2 + Drag + SRP,299.781,4198.42,5303.07,-7.66234,0.293016,0.193649,6770.46,392.325,6766.01,0.00101111,51.5999
5.16667,Two-body + J2 + Drag + SRP,-4018.59,3429.29,4230.36,-6.17359,-2.7588,-3.63209,6767.95,389.809,6770.36,0.000478726,51.6145
5.33333,Two-body + J2 + Drag + SRP,-6548.94,1135.49,1271.63,-1.93086,-4.59083,-5.84686,6767.2,389.06,6777.31,0.00149274,51.6377
5.5,Two-body + J2 + Drag + SRP,-6159.51,-1664.26,-2255.24,3.17794,-4.37837,-5.4504,6767.23,389.095,6775.82,0.00127044,51.6328
5.66667,Two-body + J2 + Drag + SRP,-3025.03,-3722.84,-4774.91,6.86238,-2.21816,-2.62283,6768.32,390.179,6768.26,0.000437634,51.6075
5.83333,Two-body + J2 + Drag + SRP,1454.56,-4127.42,-5167.25,7.49093,0.920764,1.36452,6771.4,393.259,6766.62,0.00111496,51.6019
6,Two-body + J2 + Drag + SRP,5289.12,-2701.17,-3261.15,4.79567,3.64967,4.74287,6775.41,397.274,6773.45,0.000808681,51.6249
6.16667,Two-body + J2 + Drag + SRP,6776.17,-76.3587,95.9865,-0.0316143,4.76079,6.01282,6777.28,399.148,6777.96,0.000100397,51.64
6.33333,Two-body + J2 + Drag + SRP,5254.1,2582.38,3410.4,-4.84454,3.7584,4.60607,6775.33,397.196,6773.03,0.000833856,51.6235
6.5,Two-body + J2 + Drag + SRP,1400.3,4095.39,5207.51,-7.50382,1.09004,1.15211,6771.35,393.216,6766.44,0.00111377,51.6014
6.66667,Two-body + J2 + Drag + SRP,-3074.4,3791.84,4688.36,-6.83376,-2.0638,-2.8168,6768.36,390.223,6768.61,0.000426239,51.6087
6.83333,Two-body + J2 + Drag + SRP,-6181.9,1803.47,2080.29,-3.12006,-4.30782,-5.5395,6767.27,389.137,6776.14,0.00131166,51.6339
7,Two-body + J2 + Drag + SRP,-6534.16,-988.202,-1456.9,1.99192,-4.63549,-5.79077,6767.15,389.017,6777.08,0.00146525,51.637
7.16667,Two-body + J2 + Drag + SRP,-3973.37,-3339.64,-4343.18,6.2101,-2.89879,-3.45623,6767.87,389.737,6769.93,0.00044646,51.6131
7.33333,Two-body + J2 + Drag + SRP,255.278,-4207.55,-5298.07,7.66355,0.049912,0.321965,6770.39,392.25,6766.02,0.00101272,51.6
7.5,Two-body + J2 + Drag + SRP,4451.61,-3246.83,-3941.33,5.78264,3.02862,4.02504,6774.42,396.287,6771.36,0.000971019,51.6179
7.66667,Two-body + J2 + Drag + SRP,6672.6,-845.687,-831.228,1.33293,4.66538,5.93947,6777.15,399.01,6777.66,0.000236247,51.639
7.83333,Two-body + J2 + Drag + SRP,5930.53,1930.91,2648.9,-3.71014,4.23124,5.2101,6776.16,398.019,6774.98,0.000638481,51.63
8,Two-body + J2 + Drag + SRP,2555.91,3850.65,4950.28,-7.10239,1.92053,2.16381,6772.4,394.261,6767.54,0.00114409,51.6051
8.16667,Two-body + J2 + Drag + SRP,-1952.33,4062.55,5050.02,-7.34321,-1.24225,-1.84516,6768.95,390.81,6767.1,0.000610619,51.6036
8.33333,Two-body + J2 + Drag + SRP,-5592.7,2470.48,2901.1,-4.31855,-3.86014,-5.04083,6767.42,389.284,6774.38,0.00103913,51.628
8.5,Two-body + J2 + Drag + SRP,-6741.68,-221.413,-542.859,0.638887,-4.7638,-5.99114,6767.12,388.985,6777.85,0.0015834,51.6396
8.66667,Two-body + J2 + Drag + SRP,-4884.43,-2814.69,-3744.23,5.30923,-3.54465,-4.26442,6767.53,389.389,6771.99,0.000694943,51.62
8.83333,Two-body + J2 + Drag + SRP,-852.749,-4155.85,-5275.29,7.60724,-0.753929,-0.642463,6769.56,391.424,6766.11,0.000850212,51.6003
9,Two-body + J2 + Drag + SRP,3558.06,-3652.55,-4458.53,6.52629,2.36641,3.259,6773.43,395.297,6769.51,0.00107718,51.6117
9.16667,Two-body + J2 + Drag + SRP,6390.3,-1529.04,-1658.56,2.54797,4.43821,5.71216,6776.78,398.64,6776.78,0.000426269,51.6361
9.33333,Two-body + J2 + Drag + SRP,6403.79,1239.75,1838.19,-2.5041,4.55246,5.64103,6776.76,398.62,6776.51,0.000433989,51.6352
9.5,Two-body + J2 + Drag + SRP,3593.05,3490.93,4558.81,-6.50126,2.66125,3.07597,6773.43,395.295,6769.12,0.00109669,51.6104
9.66667,Two-body + J2 + Drag + SRP,-811.562,4193.78,5251.83,-7.61251,-0.409423,-0.855959,6769.65,391.513,6766.21,0.000834283,51.6007
9.83333,Two-body + J2 + Drag + SRP,-4855.28,3035.31,3607.51,-5.34248,-3.3039,-4.4138,6767.64,389.507,6772.41,0.000740529,51.6215
10,Two-body + J2 + Drag + SRP,-6737.35,526.397,353.775,-0.685207,-4.73432,-6.0094,6767.13,388.996,6777.92,0.00159158,51.6399
10.1667,Two-body + J2 + Drag + SRP,-5615.07,-2217.16,-3058.04,4.27925,-4.0551,-4.91967,6767.3,389.165,6773.97,0.000994229,51.6267
10.3333,Two-body + J2 + Drag + SRP,-1991.62,-3973.83,-5104.81,7.32835,-1.57453,-1.63913,6768.82,390.684,6766.85,0.000631267,51.6028
10.5,Two-body + J2 + Drag + SRP,2517.08,-3965.98,-4878.54,7.11868,1.59903,2.36326,6772.36,394.225,6767.83,0.00113007,51.6061
10.6667,Two-body + J2 + Drag + SRP,5909.23,-2198.97,-2482.32,3.74995,4.06338,5.31446,6776.16,398.025,6775.32,0.00062489,51.6312
10.8333,Two-body + J2 + Drag + SRP,6678,544.017,1018.65,-1.28703,4.72556,5.90183,6777.12,398.98,6777.5,0.00023938,51.6385
11,Two-body + J2 + Drag + SRP,4481.41,3045.55,4066.19,-5.75032,3.29015,3.86236,6774.39,396.253,6770.92,0.000992131,51.6165
11.1667,Two-body + J2 + Drag + SRP,296.49,4196.14,5305.03,-7.65937,0.396729,0.106835,6770.44,392.299,6765.97,0.00100632,51.5999
11.3333,Two-body + J2 + Drag + SRP,-4019.5,3485.04,4183.69,-6.16887,-2.67661,-3.7011,6767.95,389.812,6770.49,0.000492225,51.6151
11.5,Two-body + J2 + Drag + SRP,-6546.96,1224.38,1197.05,-1.92633,-4.56683,-5.86717,6767.18,389.041,6777.35,0.00150213,51.638
11.6667,Two-body + J2 + Drag + SRP,-6155.43,-1581.88,-2324.41,3.18006,-4.42324,-5.41276,6767.17,389.033,6775.65,0.00125394,51.6323
11.8333,Two-body + J2 + Drag + SRP,-3020.72,-3683.71,-4807.78,6.86103,-2.31184,-2.54422,6768.25,390.111,6768.09,0.00044258,51.607
12,Two-body + J2 + Drag + SRP,1457.17,-4148.96,-5149.19,7.4868,0.820082,1.44912,6771.36,393.225,6766.66,0.00111378,51.6022
12.1667,Two-body + J2 + Drag + SRP,5288.81,-2773.76,-3200.11,4.79044,3.58679,4.79598,6775.4,397.258,6773.58,0.000800191,51.6254
12.3333,Two-body + J2 + Drag + SRP,6772.96,-167.699,172.932,-0.0356622,4.76356,6.01062,6777.25,399.109,6777.92,0.000100546,51.64
12.5,Two-body + J2 + Drag + SRP,5249.37,2512.86,3469,-4.84533,3.82555,4.54953,6775.27,397.138,6772.82,0.000842998,51.6229
12.6667,Two-body + J2 + Drag + SRP,1396.21,4078.58,5221.73,-7.501,1.19177,1.06648,6771.32,393.181,6766.34,0.00111355,51.6011
12.8333,Two-body + J2 + Drag + SRP,-3076.01,3835.2,4651.89,-6.82862,-1.97278,-2.89361,6768.36,390.222,6768.72,0.000423864,51.6091
13,Two-body + J2 + Drag + SRP,-6180.24,1887.64,2009.3,-3.11471,-4.26811,-5.57324,6767.27,389.128,6776.23,0.00132654,51.6343
13.1667,Two-body + J2 + Drag + SRP,-6529.86,-900.778,-1530.73,1.99498,-4.66478,-5.76613,6767.1,388.964,6776.95,0.00145373,51.6367
13.3333,Two-body + J2 + Drag + SRP,-3968.36,-3287.95,-4386.87,6.20931,-2.98397,-3.38434,6767.8,389.666,6769.73,0.000435295,51.6126
13.5,Two-body + J2 + Drag + SRP,358.608,-4213.51,-5287.38,7.65426,0.0170996,0.497681,6770.42,392.286,6766.03,0.00102766,51.6001
13.6667,Two-body + J2 + Drag + SRP,4526.85,-3269.64,-3835.48,5.70184,3.00749,4.15427,6774.49,396.357,6771.68,0.000950162,51.6191
13.8333,Two-body + J2 + Drag + SRP,6686.2,-875.109,-677.178,1.21624,4.66529,5.96459,6777.14,399,6777.73,0.000216072,51.6393
14,Two-body + J2 + Drag + SRP,5876.35,1907.97,2782.59,-3.81052,4.25213,5.11978,6776.04,397.9,6774.63,0.000663807,51.629
14.1667,Two-body + J2 + Drag + SRP,2458.11,3844.43,5004.16,-7.14182,1.95321,1.99846,6772.27,394.128,6767.28,0.00114883,51.6043
14.3333,Two-body + J2 + Drag + SRP,-1995.23,4084.81,5015.14,-7.32389,-1.17313,-1.96378,6768.92,390.78,6767.21,0.000591594,51.6041
14.5,Two-body + J2 + Drag + SRP,-5615.28,2526.07,2808.11,-4.2727,-3.82247,-5.10832,6767.41,389.276,6774.57,0.0010686,51.6288
14.6667,Two-body + J2 + Drag + SRP,-6733.71,-157.347,-652.529,0.69084,-4.77429,-5.977,6767.08,388.943,6777.76,0.00157611,51.6394
14.8333,Two-body + J2 + Drag + SRP,-4849.46,-2770.74,-3821.56,5.34375,-3.5986,-4.17503,6767.46,389.327,6771.7,0.000664527,51.6192
15,Two-body + J2 + Drag + SRP,-806.449,-4151.64,-5285.85,7.60909,-0.827293,-0.517926,6769.54,391.401,6766.03,0.000865321,51.6001
15.1667,Two-body + J2 + Drag + SRP,3595.11,-3689.97,-4397.61,6.49477,2.30644,3.36351,6773.45,395.316,6769.7,0.00106613,51.6125
15.3333,Two-body + J2 + Drag + SRP,6401.55,-1591.38,-1553.15,2.49682,4.4183,5.75014,6776.77,398.634,6776.89,0.000413716,51.6366
15.5,Two-body + J2 + Drag + SRP,6365.46,1213.69,1982.68,-2.61231,4.56948,5.57778,6776.66,398.524,6776.24,0.000458063,51.6344
15.6667,Two-body + J2 + Drag + SRP,3503.25,3480.13,4636.1,-6.55799,2.69313,2.92395,6773.29,395.155,6768.78,0.00111087,51.6094
15.8333,Two-body + J2 + Drag + SRP,-780.196,4208.83,5244.55,-7.61177,-0.282898,-0.911824,6769.66,391.521,6766.21,0.000831348,51.6008
16,Two-body + J2 + Drag + SRP,-4830.46,3117.21,3570.83,-5.36416,-3.21629,-4.45209,6767.65,389.518,6772.49,0.000751169,51.6218
16.1667,Two-body + J2 + Drag + SRP,-6730.04,638.632,304.032,-0.719654,-4.72475,-6.01292,6767.1,388.968,6777.9,0.00159282,51.6399
16.3333,Two-body + J2 + Drag + SRP,-5628.49,-2124.65,-3098.61,4.24727,-4.12783,-4.88679,6767.23,389.092,6773.83,0.000983196,51.6263
16.5,Two-body + J2 + Drag + SRP,-2019.8,-3942.25,-5118.1,7.31303,-1.697,-1.58459,6768.74,390.604,6766.76,0.000634738,51.6026
16.6667,Two-body + J2 + Drag + SRP,2486.65,-4009.35,-4858.58,7.12677,1.48138,2.41528,6772.3,394.168,6767.87,0.00112559,51.6064
16.8333,Two-body + J2 + Drag + SRP,5889.99,-2297.95,-2437.89,3.77769,4.0028,5.34084,6776.12,397.986,6775.38,0.000623705,51.6315
17,Two-body + J2 + Drag + SRP,6678.37,433.41,1067.84,-1.25188,4.74888,5.89066,6777.08,398.941,6777.42,0.000237704,51.6384
17.1667,Two-body + J2 + Drag + SRP,4501.22,2972.45,4098.24,-5.72316,3.38698,3.81865,6774.36,396.226,6770.77,0.000997273,51.6161
17.3333,Two-body + J2 + Drag + SRP,326.997,4193,5305.72,-7.65227,0.524081,0.0500739,6770.44,392.301,6765.93,0.00100564,51.5999
17.5,Two-body + J2 + Drag + SRP,-3991.82,3553.25,4152.72,-6.18502,-2.57537,-3.74578,6767.96,389.826,6770.56,0.000500233,51.6154
17.6667,Two-body + J2 + Drag + SRP,-6534.35,1333.55,1148.2,-1.9585,-4.53688,-5.87978,6767.16,389.025,6777.36,0.00150699,51.6381
17.8333,Two-body + J2 + Drag + SRP,-6163.46,-1480.45,-2369.33,3.14611,-4.47795,-5.38756,6767.11,388.969,6775.53,0.00124446,51.632
18,Two-body + J2 + Drag + SRP,-3045.8,-3635.22,-4828.7,6.84033,-2.42671,-2.49254,6768.17,390.029,6767.97,0.000443862,51.6067
18.1667,Two-body + J2 + Drag + SRP,1426.16,-4174.96,-5136.76,7.48854,0.696297,1.50433,6771.3,393.161,6766.68,0.00111089,51.6024
18.3333,Two-body + J2 + Drag + SRP,5265.61,-2862.64,-3159.75,4.81367,3.5091,4.83022,6775.35,397.216,6773.66,0.000797076,51.6258
18.5,Two-body + J2 + Drag + SRP,6766.61,-357.58,125.352,0.140198,4.75973,6.01216,6777.21,399.072,6777.89,0.000100268,51.64
18.6667,Two-body + J2 + Drag + SRP,5341.99,2363.01,3432.86,-4.70406,3.95762,4.58463,6775.34,397.2,6772.89,0.000827902,51.6232
18.8333,Two-body + J2 + Drag + SRP,1546.68,4035.26,5213.11,-7.45685,1.40105,1.11955,6771.42,393.279,6766.34,0.00112315,51.6013
19,Two-body + J2 + Drag + SRP,-2934.42,3917.67,4674.68,-6.9013,-1.779,-2.84602,6768.43,390.29,6768.59,0.000432424,51.6088
19.1667,Two-body + J2 + Drag + SRP,-6110.53,2059.31,2053.46,-3.27234,-4.17616,-5.55243,6767.27,389.137,6776.12,0.00130995,51.634
19.3333,Two-body + J2 + Drag + SRP,-6563.14,-716.379,-1484.9,1.82273,-4.71597,-5.78159,6767.05,388.908,6776.98,0.00146527,51.6369
19.5,Two-body + J2 + Drag + SRP,-4089.69,-3173.01,-4359.81,6.09943,-3.1552,-3.42896,6767.68,389.544,6769.8,0.00044406,51.6129
19.6667,Two-body + J2 + Drag + SRP,203.311,-4219.04,-5291.01,7.65519,-0.197667,0.443998,6770.25,392.117,6765.98,0.00101317,51.6001
19.8333,Two-body + J2 + Drag + SRP,4406.49,-3393.08,-3868.02,5.81285,2.84441,4.11527,6774.34,396.204,6771.53,0.000960454,51.6187
20,Two-body + J2 + Drag + SRP,6654.12,-1061.63,-724.102,1.38813,4.62625,5.95752,6777.07,398.936,6777.66,0.000238293,51.6392
20.1667,Two-body + J2 + Drag + SRP,5970.08,1713.17,2709.03,-3.60498,4.36868,5.17025,6776.11,397.972,6774.77,0.000635905,51.6296
20.3333,Two-body + J2 + Drag + SRP,2645.09,3757.5,4974.95,-7.04852,2.18233,2.09011,6772.4,394.267,6767.37,0.00115179,51.6047
20.5,Two-body + J2 + Drag + SRP,-1796.77,4142.64,5042.8,-7.38251,-0.931809,-1.8706,6769.02,390.887,6767.06,0.000621532,51.6037
20.6667,Two-body + J2 + Drag + SRP,-5493.52,2705.02,2881.39,-4.45994,-3.6758,-5.05542,6767.45,389.309,6774.36,0.00103521,51.6282
20.8333,Two-body + J2 + Drag + SRP,-6743.01,63.0951,-566.259,0.458279,-4.7881,-5.98837,6767.04,388.906,6777.77,0.00158327,51.6396
21,Two-body + J2 + Drag + SRP,-4985.6,-2607.07,-3760.84,5.17,-3.76659,-4.24543,6767.35,389.211,6771.86,0.000697495,51.6198
21.1667,Two-body + J2 + Drag + SRP,-1008.63,-4117.48,-5277.6,7.5711,-1.07418,-0.615585,6769.34,391.206,6766.03,0.000837534,51.6003
21.3333,Two-body + J2 + Drag + SRP,3416.68,-3800.32,-4445.29,6.60884,2.09021,3.28191,6773.24,395.105,6769.49,0.00107401,51.6119
21.5,Two-body + J2 + Drag + SRP,6326,-1797.23,-1635.48,2.7124,4.32856,5.72073,6776.66,398.521,6776.74,0.000444507,51.6362
21.6667,Two-body + J2 + Drag + SRP,6426.28,1003.76,1902.37,-2.39094,4.64613,5.61364,6776.7,398.563,6776.34,0.000426677,51.6348
21.8333,Two-body + J2 + Drag + SRP,3673.39,3359.31,4593.53,-6.42905,2.90198,3.00903,6773.43,395.288,6768.91,0.0011041,51.6099
22,Two-body + J2 + Drag + SRP,-708.948,4224.97,5241.73,-7.61336,-0.128475,-0.932654,6769.69,391.554,6766.19,0.000835587,51.6008
22.1667,Two-body + J2 + Drag + SRP,-4775.92,3215.45,3557.09,-5.41612,-3.10768,-4.46627,6767.67,389.538,6772.49,0.00075146,51.622
22.3333,Two-body + J2 + Drag + SRP,-6716.46,775.231,285.499,-0.798922,-4.71051,-6.01411,6767.08,388.941,6777.87,0.00159249,51.6399
22.5,Two-body + J2 + Drag + SRP,-5661.89,-2010.6,-3113.66,4.17605,-4.2143,-4.87442,6767.15,389.015,6773.76,0.000982336,51.6262
22.6667,Two-body + J2 + Drag + SRP,-2085.26,-3901.54,-5122.9,7.2815,-1.84544,-1.56414,6768.64,390.501,6766.7,0.000630312,51.6026
22.8333,Two-body + J2 + Drag + SRP,2418.22,-4060,-4850.92,7.14875,1.33707,2.43478,6772.21,394.074,6767.87,0.00112185,51.6065
23,Two-body + J2 + Drag + SRP,5848.89,-2417.42,-2421.06,3.84328,3.92664,5.35067,6776.06,397.921,6775.38,0.000629264,51.6317
23.1667,Two-body + J2 + Drag + SRP,6682.76,298.225,1086.38,-1.17173,4.77465,5.88632,6777.05,398.912,6777.37,0.000229277,51.6383
23.3333,Two-body + J2 + Drag + SRP,4549.12,2881.57,4110.25,-5.66388,3.50318,3.80207,6774.37,396.232,6770.69,0.000997789,51.6159
23.5,Two-body + J2 + Drag + SRP,397.189,4186.78,5305.88,-7.64013,0.67913,0.0286931,6770.47,392.332,6765.89,0.00101009,51.5999
23.6667,Two-body + J2 + Drag + SRP,-3930.46,3634.46,4141,-6.22551,-2.45032,-3.76249,6767.99,389.852,6770.57,0.000501178,51.6156
23.8333,Two-body + J2 + Drag + SRP,-6509.11,1466.04,1129.81,-2.03371,-4.49766,-5.88439,6767.15,389.012,6777.35,0.00150692,51.6382
24,Two-body + J2 + Drag + SRP,-6185.55,-1355.75,-2386.16,3.0697,-4.54212,-5.37796,6767.04,388.902,6775.46,0.0012435,51.6319
0,Full (J2 + Drag + SRP + 3rd-body),6777.32,0,0,-0,4.75964,6.01378,6777.32,399.185,6778,0.0001,51.64
0.166667,Full (J2 + Drag + SRP + 3rd-body),5272.53,2641.14,3336.32,-4.82085,3.70316,4.67524,6775.41,397.272,6773.28,0.000821284,51.6242
0.333333,Full (J2 + Drag + SRP + 3rd-body),1427.74,4110.44,5188.24,-7.49857,1.00521,1.25858,6771.41,393.272,6766.56,0.00111478,51.6016
0.5,Full (J2 + Drag + SRP + 3rd-body),-3050.13,3756.5,4732.47,-6.84923,-2.14039,-2.72016,6768.37,390.236,6768.47,0.000431355,51.6081
0.666667,Full (J2 + Drag + SRP + 3rd-body),-6171.69,1733.55,2168.24,-3.14966,-4.342,-5.49578,6767.29,389.15,6776.02,0.00129101,51.6333
0.833333,Full (J2 + Drag + SRP + 3rd-body),-6542.7,-1061.48,-1364.36,1.96152,-4.61208,-5.81979,6767.21,389.071,6777.23,0.00147927,51.6374
1,Full (J2 + Drag + SRP + 3rd-body),-3996.82,-3383.59,-4287.4,6.19271,-2.82824,-3.54488,6767.94,389.802,6770.17,0.000461761,51.6138
1.16667,Full (J2 + Drag + SRP + 3rd-body),327.295,-4201.45,-5299.08,7.66165,0.206352,0.301981,6770.49,392.353,6766.05,0.00101759,51.6
1.33333,Full (J2 + Drag + SRP + 3rd-body),4506.63,-3155.31,-3953.26,5.73008,3.1459,4.01005,6774.51,396.368,6771.36,0.000971041,51.6178
1.5,Full (J2 + Drag + SRP + 3rd-body),6686.29,-709.425,-848.852,1.25308,4.69148,5.93625,6777.19,399.056,6777.69,0.000227561,51.639
1.66667,Full (J2 + Drag + SRP + 3rd-body),5896.89,2051.39,2633.41,-3.78198,4.1546,5.22016,6776.17,398.029,6775.05,0.000643698,51.6301
1.83333,Full (J2 + Drag + SRP + 3rd-body),2489.85,3901.86,4943.81,-7.13443,1.77522,2.18262,6772.38,394.239,6767.61,0.00114025,51.6052
2,Full (J2 + Drag + SRP + 3rd-body),-2021.53,4021.75,5055.41,-7.32121,-1.39176,-1.82597,6768.91,390.777,6767.11,0.000606315,51.6036
2.16667,Full (J2 + Drag + SRP + 3rd-body),-5634.31,2355.79,2915.93,-4.25215,-3.94731,-5.02976,6767.41,389.277,6774.38,0.00103873,51.6279
2.33333,Full (J2 + Drag + SRP + 3rd-body),-6737.2,-358.891,-525.201,0.720128,-4.74961,-5.99316,6767.17,389.029,6777.9,0.00158335,51.6396
2.5,Full (J2 + Drag + SRP + 3rd-body),-4835.91,-2913.66,-3731.64,5.3691,-3.43551,-4.27866,6767.62,389.479,6772.07,0.000695375,51.6202
2.66667,Full (J2 + Drag + SRP + 3rd-body),-781.821,-4172.28,-5273.44,7.61921,-0.598665,-0.662632,6769.67,391.529,6766.16,0.000854881,51.6003
2.83333,Full (J2 + Drag + SRP + 3rd-body),3619.91,-3579.22,-4468.34,6.48527,2.49878,3.24182,6773.52,395.384,6769.51,0.00107928,51.6116
3,Full (J2 + Drag + SRP + 3rd-body),6415.71,-1398.55,-1675.76,2.47224,4.48898,5.70569,6776.83,398.696,6776.79,0.000418553,51.636
3.16667,Full (J2 + Drag + SRP + 3rd-body),6387.54,1360.35,1809.29,-2.56401,4.50402,5.65301,6776.78,398.646,6776.59,0.000438644,51.6353
3.33333,Full (J2 + Drag + SRP + 3rd-body),3547.15,3557.87,4542.98,-6.53639,2.53778,3.10584,6773.43,395.294,6769.22,0.00109324,51.6106
3.5,Full (J2 + Drag + SRP + 3rd-body),-806.74,4181.54,5262.35,-7.61571,-0.510865,-0.768189,6769.67,391.531,6766.2,0.000843254,51.6005
3.66667,Full (J2 + Drag + SRP + 3rd-body),-4853.34,2969.54,3664.42,-5.34852,-3.37394,-4.35293,6767.64,389.507,6772.27,0.000720255,51.6209
3.83333,Full (J2 + Drag + SRP + 3rd-body),-6739.26,436.453,431.766,-0.691505,-4.74173,-6.00279,6767.16,389.027,6777.93,0.0015881,51.6398
4,Full (J2 + Drag + SRP + 3rd-body),-5620.05,-2291.15,-2993.82,4.27575,-3.99661,-4.97037,6767.37,389.234,6774.18,0.00101415,51.6272
4.16667,Full (J2 + Drag + SRP + 3rd-body),-1997.4,-3998.88,-5083.02,7.32926,-1.47627,-1.72432,6768.88,390.746,6766.98,0.000620308,51.6031
4.33333,Full (J2 + Drag + SRP + 3rd-body),2513.09,-3930.96,-4908.88,7.12352,1.69323,2.28139,6772.39,394.249,6767.74,0.00113495,51.6057
4.5,Full (J2 + Drag + SRP + 3rd-body),5908.87,-2119.49,-2551.41,3.75677,4.11163,5.27224,6776.18,398.043,6775.21,0.000632461,51.6307
4.66667,Full (J2 + Drag + SRP + 3rd-body),6681.56,632.615,941.51,-1.28133,4.70652,5.91826,6777.16,399.026,6777.6,0.000235041,51.6387
4.83333,Full (J2 + Drag + SRP + 3rd-body),4487.32,3103.91,4015.33,-5.74853,3.21229,3.93008,6774.45,396.311,6771.13,0.000982764,51.6171
5,Full (J2 + Drag + SRP + 3rd-body),302.058,4198.33,5303.01,-7.66222,0.294621,0.195668,6770.46,392.327,6766.01,0.00101113,51.5999
5.16667,Full (J2 + Drag + SRP + 3rd-body),-4016.76,3430.11,4231.44,-6.17512,-2.75748,-3.63048,6767.95,389.812,6770.35,0.000478034,51.6145
5.33333,Full (J2 + Drag + SRP + 3rd-body),-6548.37,1136.86,1273.36,-1.93337,-4.59039,-5.84637,6767.2,389.063,6777.31,0.00149203,51.6377
5.5,Full (J2 + Drag + SRP + 3rd-body),-6160.46,-1662.95,-2253.62,3.17557,-4.37901,-5.45126,6767.23,389.097,6775.83,0.00127063,51.6328
5.66667,Full (J2 + Drag + SRP + 3rd-body),-3027.08,-3722.17,-4774.13,6.86122,-2.21959,-2.62465,6768.32,390.179,6768.27,0.000437082,51.6075
5.83333,Full (J2 + Drag + SRP + 3rd-body),1452.33,-4127.69,-5167.65,7.49149,0.91918,1.36255,6771.39,393.257,6766.62,0.00111464,51.6019
6,Full (J2 + Drag + SRP + 3rd-body),5287.69,-2702.27,-3262.56,4.79769,3.64864,4.74163,6775.41,397.272,6773.45,0.000809048,51.6249
6.16667,Full (J2 + Drag + SRP + 3rd-body),6776.18,-77.786,94.1987,-0.0290223,4.76076,6.01285,6777.28,399.148,6777.96,0.00010035,51.64
6.33333,Full (J2 + Drag + SRP + 3rd-body),5255.55,2581.26,3409.03,-4.84254,3.7594,4.60738,6775.33,397.197,6773.03,0.000833459,51.6235
6.5,Full (J2 + Drag + SRP + 3rd-body),1402.54,4095.07,5207.16,-7.50329,1.09161,1.1541,6771.35,393.218,6766.44,0.00111367,51.6013
6.66667,Full (J2 + Drag + SRP + 3rd-body),-3072.36,3792.46,4689.19,-6.83494,-2.06234,-2.815,6768.36,390.225,6768.61,0.000426103,51.6086
6.83333,Full (J2 + Drag + SRP + 3rd-body),-6180.97,1804.77,2081.94,-3.12244,-4.30713,-5.5387,6767.28,389.14,6776.14,0.00131081,51.6338
7,Full (J2 + Drag + SRP + 3rd-body),-6534.76,-986.808,-1455.17,1.9894,-4.63588,-5.79132,6767.16,389.019,6777.08,0.00146522,51.637
7.16667,Full (J2 + Drag + SRP + 3rd-body),-3975.23,-3338.77,-4342.15,6.20857,-2.90008,-3.4579,6767.87,389.738,6769.94,0.000446519,51.6131
7.33333,Full (J2 + Drag + SRP + 3rd-body),207.727,-4207.76,-5299.93,7.66539,0.016474,0.279753,6770.35,392.213,6766.01,0.00100672,51.5999
7.5,Full (J2 + Drag + SRP + 3rd-body),4415.63,-3265.54,-3966.2,5.81787,3.00274,3.99354,6774.38,396.246,6771.28,0.000976572,51.6176
7.66667,Full (J2 + Drag + SRP + 3rd-body),6664.17,-874.619,-868.048,1.38598,4.65854,5.9327,6777.14,398.999,6777.64,0.000244192,51.6389
7.83333,Full (J2 + Drag + SRP + 3rd-body),5953.4,1904.6,2616.52,-3.6629,4.2465,5.23109,6776.19,398.048,6775.05,0.000630274,51.6303
8,Full (J2 + Drag + SRP + 3rd-body),2599.91,3838.63,4936.73,-7.08191,1.95108,2.20318,6772.44,394.304,6767.6,0.00114332,51.6053
8.16667,Full (J2 + Drag + SRP + 3rd-body),-1906.73,4070.16,5061.34,-7.35856,-1.2099,-1.80484,6768.97,390.837,6767.05,0.000619696,51.6035
8.33333,Full (J2 + Drag + SRP + 3rd-body),-5565.77,2494.38,2932.3,-4.36307,-3.84032,-5.01749,6767.43,389.294,6774.31,0.00102678,51.6278
8.5,Full (J2 + Drag + SRP + 3rd-body),-6745.48,-191.84,-505.68,0.584992,-4.76545,-5.99534,6767.13,388.988,6777.87,0.00158544,51.6397
8.66667,Full (J2 + Drag + SRP + 3rd-body),-4917.26,-2792.62,-3717.68,5.27016,-3.56702,-4.29425,6767.52,389.38,6772.07,0.00070687,51.6203
8.83333,Full (J2 + Drag + SRP + 3rd-body),-899.932,-4151.07,-5271.17,7.60027,-0.786958,-0.684494,6769.53,391.392,6766.13,0.000841636,51.6004
9,Full (J2 + Drag + SRP + 3rd-body),3517.47,-3667.15,-4478.64,6.5544,2.33732,3.2234,6773.39,395.253,6769.43,0.00108059,51.6114
9.16667,Full (J2 + Drag + SRP + 3rd-body),6374.33,-1556.55,-1693.95,2.59874,4.42594,5.69878,6776.76,398.62,6776.73,0.000434598,51.6359
9.33333,Full (J2 + Drag + SRP + 3rd-body),6400.88,1245.02,1844.73,-2.51361,4.55062,5.63828,6776.75,398.617,6776.5,0.00043559,51.6351
9.5,Full (J2 + Drag + SRP + 3rd-body),3585.52,3494.01,4562.37,-6.50658,2.65608,3.06918,6773.42,395.287,6769.11,0.00109718,51.6103
9.66667,Full (J2 + Drag + SRP + 3rd-body),-820.38,4193.31,5250.83,-7.6113,-0.415632,-0.863784,6769.65,391.508,6766.22,0.000832416,51.6007
9.83333,Full (J2 + Drag + SRP + 3rd-body),-4861.47,3031.49,3602.39,-5.33524,-3.30841,-4.41918,6767.64,389.507,6772.43,0.000742523,51.6215
10,Full (J2 + Drag + SRP + 3rd-body),-6738.14,520.928,346.808,-0.675158,-4.7351,-6.00992,6767.14,388.998,6777.92,0.0015915,51.6398
10.1667,Full (J2 + Drag + SRP + 3rd-body),-5610.11,-2221.84,-3063.74,4.2876,-4.05181,-4.91509,6767.31,389.168,6773.96,0.000991703,51.6266
10.3333,Full (J2 + Drag + SRP + 3rd-body),-1983.14,-3975.64,-5106.71,7.3313,-1.56865,-1.63152,6768.83,390.69,6766.84,0.000632709,51.6028
10.5,Full (J2 + Drag + SRP + 3rd-body),2525.31,-3964.14,-4875.8,7.11494,1.60489,2.37052,6772.37,394.233,6767.84,0.00112976,51.6061
10.6667,Full (J2 + Drag + SRP + 3rd-body),5913.56,-2194.28,-2476.16,3.74118,4.06663,5.31816,6776.17,398.031,6775.34,0.000623458,51.6313
10.8333,Full (J2 + Drag + SRP + 3rd-body),6676.51,549.474,1025.49,-1.29694,4.72475,5.90031,6777.11,398.978,6777.49,0.000240882,51.6385
11,Full (J2 + Drag + SRP + 3rd-body),4474.75,3049.35,4070.66,-5.75696,3.28565,3.8563,6774.38,396.246,6770.9,0.000993092,51.6164
11.1667,Full (J2 + Drag + SRP + 3rd-body),287.626,4196.6,5305.14,-7.6598,0.390526,0.0989395,6770.43,392.293,6765.97,0.00100492,51.5999
11.3333,Full (J2 + Drag + SRP + 3rd-body),-4026.63,3481.95,4179.39,-6.1629,-2.68178,-3.70734,6767.95,389.811,6770.5,0.000493475,51.6151
11.5,Full (J2 + Drag + SRP + 3rd-body),-6549.18,1219.11,1190.26,-1.91658,-4.56865,-5.86895,6767.18,389.044,6777.36,0.00150281,51.638
11.6667,Full (J2 + Drag + SRP + 3rd-body),-6151.75,-1586.99,-2330.67,3.18922,-4.42088,-5.40928,6767.17,389.036,6775.64,0.00125173,51.6323
11.8333,Full (J2 + Drag + SRP + 3rd-body),-3012.78,-3686.37,-4810.72,6.8655,-2.30639,-2.53705,6768.25,390.116,6768.08,0.000443335,51.607
12,Full (J2 + Drag + SRP + 3rd-body),1465.82,-4148.01,-5147.51,7.48464,0.826208,1.45678,6771.37,393.232,6766.67,0.00111396,51.6022
12.1667,Full (J2 + Drag + SRP + 3rd-body),5294.35,-2769.62,-3194.55,4.7826,3.59089,4.80074,6775.4,397.265,6773.6,0.000798885,51.6255
12.3333,Full (J2 + Drag + SRP + 3rd-body),6772.92,-162.206,179.892,-0.0457034,4.7638,6.01036,6777.25,399.109,6777.92,0.000100727,51.6399
12.5,Full (J2 + Drag + SRP + 3rd-body),5243.77,2517.27,3474.27,-4.8531,3.82184,4.54436,6775.27,397.131,6772.81,0.000844309,51.6228
12.6667,Full (J2 + Drag + SRP + 3rd-body),1387.54,4079.96,5222.96,-7.50306,1.18575,1.05871,6771.31,393.174,6766.33,0.00111275,51.6011
12.8333,Full (J2 + Drag + SRP + 3rd-body),-3083.9,3832.93,4648.53,-6.82405,-1.97845,-2.90054,6768.36,390.22,6768.73,0.000423034,51.6092
13,Full (J2 + Drag + SRP + 3rd-body),-6183.84,1882.72,2002.85,-3.10552,-4.27091,-5.57623,6767.27,389.13,6776.24,0.00132789,51.6343
13.1667,Full (J2 + Drag + SRP + 3rd-body),-6527.56,-906.152,-1537.4,2.00469,-4.66344,-5.76383,6767.1,388.967,6776.94,0.00145204,51.6366
13.3333,Full (J2 + Drag + SRP + 3rd-body),-3961.19,-3291.39,-4390.78,6.21518,-2.97911,-3.3778,6767.81,389.67,6769.72,0.000433994,51.6125
13.5,Full (J2 + Drag + SRP + 3rd-body),367.447,-4213.49,-5286.8,7.65372,0.0233139,0.505538,6770.43,392.293,6766.04,0.00102836,51.6001
13.6667,Full (J2 + Drag + SRP + 3rd-body),4533.43,-3266.17,-3830.66,5.69514,3.01231,4.15997,6774.5,396.364,6771.69,0.000949059,51.6191
13.8333,Full (J2 + Drag + SRP + 3rd-body),6687.59,-869.736,-670.275,1.20634,4.66658,5.96559,6777.14,399.002,6777.73,0.000214668,51.6393
14,Full (J2 + Drag + SRP + 3rd-body),5871.94,1912.87,2788.51,-3.81922,4.24931,5.11563,6776.03,397.895,6774.62,0.000665334,51.6289
14.1667,Full (J2 + Drag + SRP + 3rd-body),2449.86,3846.68,5006.47,-7.14544,1.94754,1.99103,6772.26,394.12,6767.27,0.00114865,51.6043
14.3333,Full (J2 + Drag + SRP + 3rd-body),-2058.75,4074.43,4997.83,-7.30132,-1.21854,-2.01971,6768.88,390.746,6767.29,0.000578518,51.6044
14.5,Full (J2 + Drag + SRP + 3rd-body),-5652.12,2492.76,2763.59,-4.20975,-3.8505,-5.13955,6767.41,389.268,6774.68,0.00108474,51.6291
14.6667,Full (J2 + Drag + SRP + 3rd-body),-6727.38,-198.791,-704.426,0.76614,-4.7723,-5.96939,6767.08,388.946,6777.73,0.00157135,51.6393
14.8333,Full (J2 + Drag + SRP + 3rd-body),-4802.82,-2801.85,-3857.64,5.39761,-3.56752,-4.13204,6767.48,389.344,6771.59,0.000647744,51.6188
15,Full (J2 + Drag + SRP + 3rd-body),-740.323,-4158.63,-5290.09,7.6177,-0.78108,-0.458902,6769.58,391.448,6766.01,0.000876123,51.6001
15.1667,Full (J2 + Drag + SRP + 3rd-body),3651.34,-3669.77,-4368.18,6.45447,2.34735,3.41241,6773.51,395.376,6769.81,0.00106074,51.6128
15.3333,Full (J2 + Drag + SRP + 3rd-body),6422.93,-1552.94,-1503.12,2.42541,4.43581,5.76721,6776.8,398.662,6776.95,0.000402279,51.6368
15.5,Full (J2 + Drag + SRP + 3rd-body),6342.46,1253.31,2031.05,-2.68305,4.55576,5.55537,6776.63,398.494,6776.16,0.000470106,51.6341
15.6667,Full (J2 + Drag + SRP + 3rd-body),3446.13,3503.35,4661.27,-6.59663,2.65432,2.87209,6773.23,395.096,6768.68,0.00111492,51.609
15.8333,Full (J2 + Drag + SRP + 3rd-body),-978.825,4199.6,5218.41,-7.5823,-0.423704,-1.08758,6769.53,391.392,6766.33,0.000793813,51.6011
16,Full (J2 + Drag + SRP + 3rd-body),-4968.55,3031.78,3452.87,-5.19951,-3.31959,-4.57046,6767.61,389.474,6772.84,0.000803162,51.623
16.1667,Full (J2 + Drag + SRP + 3rd-body),-6745.89,514.869,146.71,-0.492735,-4.74418,-6.02053,6767.1,388.962,6777.93,0.00159794,51.64
16.3333,Full (J2 + Drag + SRP + 3rd-body),-5515,-2231.59,-3225,4.4346,-4.05461,-4.78016,6767.26,389.121,6773.49,0.000930999,51.6252
16.5,Full (J2 + Drag + SRP + 3rd-body),-1827.76,-3984.87,-5157.28,7.3775,-1.56419,-1.4119,6768.86,390.72,6766.59,0.000673868,51.602
16.6667,Full (J2 + Drag + SRP + 3rd-body),2671.85,-3968.88,-4793.31,7.04043,1.6149,2.57731,6772.49,394.351,6768.14,0.00112076,51.6072
16.8333,Full (J2 + Drag + SRP + 3rd-body),5986.15,-2192.34,-2297.2,3.57869,4.07803,5.42042,6776.24,398.106,6775.66,0.000590447,51.6325
17,Full (J2 + Drag + SRP + 3rd-body),6642.72,557.331,1221.36,-1.47516,4.73228,5.85217,6777.03,398.891,6777.27,0.000272313,51.6379
17.1667,Full (J2 + Drag + SRP + 3rd-body),4349.65,3059.67,4196.26,-5.87133,3.28602,3.67938,6774.19,396.056,6770.43,0.00102026,51.6149
17.3333,Full (J2 + Drag + SRP + 3rd-body),126.833,4204.87,5304.7,-7.65987,0.383526,-0.128075,6770.29,392.152,6765.94,0.00097802,51.5999
17.5,Full (J2 + Drag + SRP + 3rd-body),-4151.73,3484.39,4052.97,-6.0483,-2.6935,-3.88394,6767.9,389.765,6770.91,0.000538418,51.6166
17.6667,Full (J2 + Drag + SRP + 3rd-body),-6582.67,1214.4,993.986,-1.73768,-4.57977,-5.91595,6767.15,389.014,6777.5,0.00152919,51.6386
17.8333,Full (J2 + Drag + SRP + 3rd-body),-6078.52,-1596.82,-2509.12,3.35204,-4.4262,-5.30525,6767.12,388.985,6775.23,0.00119974,51.631
18,Full (J2 + Drag + SRP + 3rd-body),-2865.68,-3697.04,-4891.73,6.93945,-2.30379,-2.32906,6768.26,390.121,6767.71,0.00047134,51.6058
18.1667,Full (J2 + Drag + SRP + 3rd-body),1621.27,-4154.94,-5095.18,7.43753,0.83569,1.67609,6771.48,393.338,6766.86,0.00111828,51.603
18.3333,Full (J2 + Drag + SRP + 3rd-body),5389.12,-2769.69,-3032.1,4.6352,3.60343,4.93425,6775.5,397.366,6773.99,0.000766949,51.6269
18.5,Full (J2 + Drag + SRP + 3rd-body),6764.74,-155.258,380.29,-0.22809,4.77369,5.99836,6777.2,399.063,6777.83,0.000109721,51.6398
18.6667,Full (J2 + Drag + SRP + 3rd-body),5136.25,2528.17,3623.41,-4.98895,3.82466,4.39222,6775.09,396.952,6772.32,0.000877447,51.6213
18.8333,Full (J2 + Drag + SRP + 3rd-body),1228.54,4090.05,5254.58,-7.53226,1.1803,0.834281,6771.15,393.01,6766.16,0.00110051,51.6006
19,Full (J2 + Drag + SRP + 3rd-body),-3223.82,3837.68,4548.51,-6.73359,-1.99018,-3.09794,6768.29,390.156,6769.09,0.000417601,51.6105
19.1667,Full (J2 + Drag + SRP + 3rd-body),-6242.27,1879.78,1815.5,-2.93484,-4.28377,-5.65845,6767.24,389.104,6776.51,0.00137164,51.6353
19.3333,Full (J2 + Drag + SRP + 3rd-body),-6478.2,-915.597,-1728.47,2.17914,-4.67138,-5.69351,6767.05,388.917,6776.64,0.00141485,51.6358
19.5,Full (J2 + Drag + SRP + 3rd-body),-3826.2,-3303.19,-4500.24,6.31511,-2.97877,-3.18683,6767.79,389.653,6769.27,0.000410501,51.6111
19.6667,Full (J2 + Drag + SRP + 3rd-body),527.837,-4222.56,-5266.05,7.63531,0.031749,0.731789,6770.52,392.379,6766.1,0.0010471,51.6004
19.8333,Full (J2 + Drag + SRP + 3rd-body),4648.01,-3268.51,-3688.95,5.56667,3.02551,4.32134,6774.62,396.482,6772.11,0.000920804,51.6206
20,Full (J2 + Drag + SRP + 3rd-body),6705.33,-864.166,-470.504,1.02453,4.67866,5.99013,6777.13,398.998,6777.79,0.000186045,51.6397
20.1667,Full (J2 + Drag + SRP + 3rd-body),5784.87,1923.91,2957.42,-3.97313,4.25478,4.99226,6775.87,397.736,6774.17,0.000701113,51.6275
20.3333,Full (J2 + Drag + SRP + 3rd-body),2296.77,3858.35,5069.42,-7.20313,1.94409,1.77493,6772.08,393.94,6766.97,0.00115123,51.6034
20.5,Full (J2 + Drag + SRP + 3rd-body),-2209.9,4081.57,4926.84,-7.23735,-1.22974,-2.23285,6768.8,390.659,6767.55,0.000538855,51.6054
20.6667,Full (J2 + Drag + SRP + 3rd-body),-5734.05,2491.96,2590.02,-4.05179,-3.86471,-5.2549,6767.38,389.241,6775.04,0.00114115,51.6304
20.8333,Full (J2 + Drag + SRP + 3rd-body),-6703.28,-207.339,-903.204,0.947695,-4.78285,-5.93472,6767.04,388.9,6777.56,0.00155278,51.6389
21,Full (J2 + Drag + SRP + 3rd-body),-4683.49,-2814.37,-3992.81,5.52107,-3.56976,-3.96308,6767.45,389.309,6771.1,0.00059074,51.6173
21.1667,Full (J2 + Drag + SRP + 3rd-body),-579.12,-4169.71,-5301.53,7.62858,-0.774201,-0.231478,6769.65,391.51,6765.92,0.000908308,51.5999
21.3333,Full (J2 + Drag + SRP + 3rd-body),3782.82,-3674.57,-4250.88,6.34829,2.3607,3.59755,6773.64,395.501,6770.21,0.00103936,51.6143
21.5,Full (J2 + Drag + SRP + 3rd-body),6466.19,-1549.2,-1309.12,2.24892,4.4498,5.82773,6776.83,398.697,6777.15,0.000370374,51.6375
21.6667,Full (J2 + Drag + SRP + 3rd-body),6278.15,1264,2215.42,-2.85112,4.564,5.46405,6776.5,398.364,6775.79,0.000505738,51.633
21.8333,Full (J2 + Drag + SRP + 3rd-body),3302.92,3516.28,4754.01,-6.68143,2.65327,2.66987,6773.04,394.906,6768.28,0.00113067,51.6078
22,Full (J2 + Drag + SRP + 3rd-body),-1137.33,4209.09,5178.33,-7.54652,-0.433799,-1.31102,6769.42,391.28,6766.47,0.000753125,51.6017
22.1667,Full (J2 + Drag + SRP + 3rd-body),-5071.91,3033.42,3297.61,-5.05841,-3.33464,-4.71599,6767.58,389.442,6773.25,0.000864544,51.6245
22.3333,Full (J2 + Drag + SRP + 3rd-body),-6747.76,507.723,-54.6506,-0.308829,-4.7572,-6.02253,6767.06,388.923,6777.9,0.00159987,51.64
22.5,Full (J2 + Drag + SRP + 3rd-body),-5414.5,-2244.39,-3382.46,4.57853,-4.05971,-4.63767,6767.21,389.075,6773.01,0.000869113,51.6237
22.6667,Full (J2 + Drag + SRP + 3rd-body),-1669.91,-3997.74,-5200.71,7.41751,-1.55936,-1.18912,6768.89,390.756,6766.36,0.000714661,51.6014
22.8333,Full (J2 + Drag + SRP + 3rd-body),2816.87,-3976.24,-4703.51,6.95932,1.62782,2.78151,6772.61,394.474,6768.47,0.0011095,51.6085
23,Full (J2 + Drag + SRP + 3rd-body),6053.91,-2190.81,-2114,3.41212,4.09355,5.51543,6776.31,398.176,6775.97,0.00055781,51.6336
23.1667,Full (J2 + Drag + SRP + 3rd-body),6602.93,567.151,1416.49,-1.65307,4.74331,5.79537,6776.93,398.797,6777.02,0.000305249,51.6371
23.3333,Full (J2 + Drag + SRP + 3rd-body),4220.06,3073.45,4316.49,-5.98118,3.28773,3.49626,6774,395.865,6769.96,0.00104634,51.6135
23.5,Full (J2 + Drag + SRP + 3rd-body),-34.9605,4216.57,5296.63,-7.65323,0.375073,-0.356109,6770.15,392.015,6765.94,0.000947952,51.6
23.6667,Full (J2 + Drag + SRP + 3rd-body),-4273.88,3488.7,3920.05,-5.92775,-2.70882,-4.05591,6767.86,389.721,6771.33,0.000589376,51.6181
23.8333,Full (J2 + Drag + SRP + 3rd-body),-6610.55,1209.14,795.251,-1.55625,-4.59501,-5.95465,6767.12,388.981,6777.62,0.00155149,51.6391
24,Full (J2 + Drag + SRP + 3rd-body),-6051.78,-1542.08,-2605.96,3.39553,-4.46498,-5.24464,6767.06,388.925,6774.99,0.00117204,51.6303
