jd,latitude_deg,longitude_deg
2460482.50000000,0.0000,90.3160
2460482.50069444,3.0688,92.4819
2460482.50138889,6.1320,94.6616
2460482.50208333,9.1836,96.8690
2460482.50277778,12.2177,99.1186
2460482.50347222,15.2278,101.4254
2460482.50416667,18.2072,103.8054
2460482.50486111,21.1484,106.2755
2460482.50555556,24.0430,108.8540
2460482.50625000,26.8820,111.5606
2460482.50694444,29.6548,114.4166
2460482.50763889,32.3498,117.4448
2460482.50833333,34.9533,120.6695
2460482.50902778,37.4502,124.1158
2460482.50972222,39.8227,127.8092
2460482.51041667,42.0513,131.7742
2460482.51111111,44.1135,136.0322
2460482.51180556,45.9851,140.5989
2460482.51250000,47.6400,145.4810
2460482.51319444,49.0510,150.6718
2460482.51388889,50.1917,156.1479
2460482.51458333,51.0379,161.8663
2460482.51527778,51.5697,167.7644
2460482.51597222,51.7737,173.7628
2460482.51666667,51.6447,179.7721
2460482.51736111,51.1857,-174.2981
2460482.51805556,50.4083,-168.5302
2460482.51875000,49.3310,-162.9913
2460482.51944444,47.9770,-157.7292
2460482.52013889,46.3723,-152.7718
2460482.52083333,44.5441,-148.1292
2460482.52152778,42.5188,-143.7977
2460482.52222222,40.3211,-139.7635
2460482.52291667,37.9738,-136.0060
2460482.52361111,35.4973,-132.5014
2460482.52430556,32.9097,-129.2243
2460482.52500000,30.2268,-126.1493
2460482.52569444,27.4627,-123.2519
2460482.52638889,24.6294,-120.5088
2460482.52708333,21.7378,-117.8985
2460482.52777778,18.7973,-115.4007
2460482.52847222,15.8166,-112.9969
2460482.52916667,12.8033,-110.6698
2460482.52986111,9.7645,-108.4031
2460482.53055556,6.7067,-106.1815
2460482.53125000,3.6361,-103.9905
2460482.53194444,0.5587,-101.8158
2460482.53263889,-2.5198,-99.6437
2460482.53333333,-5.5936,-97.4602
2460482.53402778,-8.6567,-95.2514
2460482.53472222,-11.7032,-93.0028
2460482.53541667,-14.7265,-90.6994
2460482.53611111,-17.7199,-88.3254
2460482.53680556,-20.6759,-85.8638
2460482.53750000,-23.5863,-83.2965
2460482.53819444,-26.4419,-80.6040
2460482.53888889,-29.2325,-77.7652
2460482.53958333,-31.9464,-74.7574
2460482.54027778,-34.5703,-71.5566
2460482.54097222,-37.0891,-68.1375
2460482.54166667,-39.4855,-64.4746
2460482.54236111,-41.7400,-60.5433
2460482.54305556,-43.8307,-56.3217
2460482.54375000,-45.7334,-51.7931
2460482.54444444,-47.4223,-46.9495
2460482.54513889,-48.8704,-41.7956
2460482.54583333,-50.0510,-36.3527
2460482.54652778,-50.9396,-30.6611
2460482.54722222,-51.5158,-24.7811
2460482.54791667,-51.7654,-18.7903
2460482.54861111,-51.6821,-12.7773
2460482.54930556,-51.2680,-6.8330
2460482.55000000,-50.5339,-1.0411
2460482.55069444,-49.4974,4.5290
2460482.55138889,-48.1814,9.8270
2460482.55208333,-46.6119,14.8226
2460482.55277778,-44.8158,19.5036
2460482.55347222,-42.8198,23.8722
2460482.55416667,-40.6489,27.9413
2460482.55486111,-38.3261,31.7305
2460482.55555556,-35.8722,35.2636
2460482.55625000,-33.3055,38.5657
2460482.55694444,-30.6420,41.6623
2460482.55763889,-27.8960,44.5781
2460482.55833333,-25.0797,47.3363
2460482.55902778,-22.2041,49.9590
2460482.55972222,-19.2788,52.4662
2460482.56041667,-16.3124,54.8769
2460482.56111111,-13.3126,57.2083
2460482.56180556,-10.2864,59.4769
2460482.56250000,-7.2404,61.6979
2460482.56319444,-4.1808,63.8860
2460482.56388889,-1.1133,66.0553
2460482.56458333,1.9562,68.2196
2460482.56527778,5.0220,70.3927
2460482.56597222,8.0785,72.5884
2460482.56666667,11.1197,74.8210
2460482.56736111,14.1393,77.1052
2460482.56805556,17.1306,79.4568
2460482.56875000,20.0865,81.8921
2460482.56944444,22.9991,84.4291
2460482.57013889,25.8593,87.0869
2460482.57083333,28.6574,89.8862
2460482.57152778,31.3821,92.8492
2460482.57222222,34.0205,95.9997
2460482.57291667,36.5579,99.3626
2460482.57361111,38.9777,102.9635
2460482.57430556,41.2609,106.8273
2460482.57500000,43.3862,110.9768
2460482.57569444,45.3299,115.4302
2460482.57638889,47.0664,120.1978
2460482.57708333,48.5690,125.2783
2460482.57777778,49.8108,130.6548
2460482.57847222,50.7664,136.2915
2460482.57916667,51.4141,142.1328
2460482.57986111,51.7381,148.1047
2460482.58055556,51.7300,154.1207
2460482.58125000,51.3898,160.0894
2460482.58194444,50.7261,165.9247
2460482.58263889,49.7551,171.5532
2460482.58333333,48.4986,176.9199
2460482.58402778,46.9818,-178.0101
2460482.58472222,45.2316,-173.2531
2460482.58541667,43.2748,-168.8099
2460482.58611111,41.1369,-164.6699
2460482.58680556,38.8414,-160.8147
2460482.58750000,36.4096,-157.2213
2460482.58819444,33.8604,-153.8646
2460482.58888889,31.2104,-150.7192
2460482.58958333,28.4742,-147.7601
2460482.59027778,25.6647,-144.9636
2460482.59097222,22.7931,-142.3075
2460482.59166667,19.8694,-139.7711
2460482.59236111,16.9024,-137.3353
2460482.59305556,13.9001,-134.9823
2460482.59375000,10.8697,-132.6955
2460482.59444444,7.8181,-130.4593
2460482.59513889,4.7514,-128.2588
2460482.59583333,1.6758,-126.0798
2460482.59652778,-1.4030,-123.9084
2460482.59722222,-4.4792,-121.7306
2460482.59791667,-7.5469,-119.5327
2460482.59861111,-10.6001,-117.3002
2460482.59930556,-13.6326,-115.0185
2460482.60000000,-16.6377,-112.6719
2460482.60069444,-19.6082,-110.2441
2460482.60138889,-22.5361,-107.7174
2460482.60208333,-25.4127,-105.0727
2460482.60277778,-28.2282,-102.2895
2460482.60347222,-30.9714,-99.3457
2460482.60416667,-33.6296,-96.2177
2460482.60486111,-36.1884,-92.8807
2460482.60555556,-38.6314,-89.3092
2460482.60625000,-40.9398,-85.4781
2460482.60694444,-43.0926,-81.3640
2460482.60763889,-45.0665,-76.9482
2460482.60833333,-46.8360,-72.2190
2460482.60902778,-48.3746,-67.1762
2460482.60972222,-49.6552,-61.8345
2460482.61041667,-50.6524,-56.2271
2460482.61111111,-51.3440,-50.4073
2460482.61180556,-51.7132,-44.4468
2460482.61250000,-51.7508,-38.4313
2460482.61319444,-51.4559,-32.4517
2460482.61388889,-50.8362,-26.5956
2460482.61458333,-49.9070,-20.9381
2460482.61527778,-48.6895,-15.5369
2460482.61597222,-47.2088,-10.4292
2460482.61666667,-45.4918,-5.6337
2460482.61736111,-43.5653,-1.1527
2460482.61805556,-41.4550,3.0230
2460482.61875000,-39.1848,6.9112
2460482.61944444,-36.7762,10.5343
2460482.62013889,-34.2484,13.9172
2460482.62083333,-31.6183,17.0855
2460482.62152778,-28.9006,20.0641
2460482.62222222,-26.1085,22.8769
2460482.62291667,-23.2532,25.5463
2460482.62361111,-20.3449,28.0932
2460482.62430556,-17.3925,30.5368
2460482.62500000,-14.4039,32.8950
2460482.62569444,-11.3865,35.1846
2460482.62638889,-8.3470,37.4211
2460482.62708333,-5.2916,39.6195
2460482.62777778,-2.2263,41.7940
2460482.62847222,0.8431,43.9586
2460482.62916667,3.9109,46.1269
2460482.62986111,6.9715,48.3127
2460482.63055556,10.0189,50.5303
2460482.63125000,13.0471,52.7940
2460482.63194444,16.0495,55.1193
2460482.63263889,19.0191,57.5223
2460482.63333333,21.9483,60.0203
2460482.63402778,24.8287,62.6319
2460482.63472222,27.6505,65.3774
2460482.63541667,30.4032,68.2783
2460482.63611111,33.0744,71.3580
2460482.63680556,35.6503,74.6409
2460482.63750000,38.1148,78.1525
2460482.63819444,40.4499,81.9181
2460482.63888889,42.6350,85.9616
2460482.63958333,44.6475,90.3031
2460482.64027778,46.4622,94.9561
2460482.64097222,48.0528,99.9242
2460482.64166667,49.3922,105.1964
2460482.64236111,50.4543,110.7441
2460482.64305556,51.2159,116.5188
2460482.64375000,51.6587,122.4528
2460482.64444444,51.7715,128.4632
2460482.64513889,51.5512,134.4595
2460482.64583333,51.0034,140.3525
2460482.64652778,50.1416,146.0633
2460482.64722222,48.9859,151.5301
2460482.64791667,47.5604,156.7105
2460482.64861111,45.8918,161.5818
2460482.64930556,44.0069,166.1381
2460482.65000000,41.9319,170.3862
2460482.65069444,39.6910,174.3423
2460482.65138889,37.3063,178.0279
2460482.65208333,34.7977,-178.5325
2460482.65277778,32.1825,-175.3134
2460482.65347222,29.4760,-172.2896
2460482.65416667,26.6918,-169.4368
2460482.65486111,23.8415,-166.7322
2460482.65555556,20.9356,-164.1547
2460482.65625000,17.9833,-161.6845
2460482.65694444,14.9930,-159.3034
2460482.65763889,11.9720,-156.9945
2460482.65833333,8.9273,-154.7416
2460482.65902778,5.8654,-152.5299
2460482.65972222,2.7924,-150.3447
2460482.66041667,-0.2859,-148.1722
2460482.66111111,-3.3637,-145.9983
2460482.66180556,-6.4352,-143.8093
2460482.66250000,-9.4944,-141.5910
2460482.66319444,-12.5352,-139.3289
2460482.66388889,-15.5510,-137.0077
2460482.66458333,-18.5349,-134.6114
2460482.66527778,-21.4793,-132.1226
2460482.66597222,-24.3756,-129.5230
2460482.66666667,-27.2145,-126.7925
2460482.66736111,-29.9853,-123.9096
2460482.66805556,-32.6759,-120.8513
2460482.66875000,-35.2726,-117.5930
2460482.66944444,-37.7596,-114.1096
2460482.67013889,-40.1192,-110.3754
2460482.67083333,-42.3310,-106.3664
2460482.67152778,-44.3726,-102.0618
2460482.67222222,-46.2194,-97.4470
2460482.67291667,-47.8449,-92.5171
2460482.67361111,-49.2221,-87.2810
2460482.67430556,-50.3249,-81.7648
2460482.67500000,-51.1296,-76.0146
2460482.67569444,-51.6173,-70.0958
2460482.67638889,-51.7758,-64.0898
2460482.67708333,-51.6010,-58.0866
2460482.67777778,-51.0977,-52.1762
2460482.67847222,-50.2785,-46.4390
2460482.67916667,-49.1629,-40.9394
2460482.67986111,-47.7746,-35.7221
2460482.68055556,-46.1401,-30.8123
2460482.68125000,-44.2865,-26.2178
2460482.68194444,-42.2400,-21.9330
2460482.68263889,-40.0252,-17.9429
2460482.68333333,-37.6644,-14.2264
2460482.68402778,-35.1778,-10.7593
2460482.68472222,-32.5829,-7.5162
2460482.68541667,-29.8954,-4.4716
2460482.68611111,-27.1289,-1.6013
2460482.68680556,-24.2953,1.1176
2460482.68750000,-21.4051,3.7066
2460482.68819444,-18.4677,6.1856
2460482.68888889,-15.4913,8.5728
2460482.68958333,-12.4836,10.8854
2460482.69027778,-9.4513,13.1394
2460482.69097222,-6.4010,15.3500
2460482.69166667,-3.3386,17.5315
2460482.69236111,-0.2701,19.6981
2460482.69305556,2.7990,21.8634
2460482.69375000,5.8629,24.0413
2460482.69444444,8.9158,26.2457
2460482.69513889,11.9516,28.4910
2460482.69583333,14.9641,30.7921
2460482.69652778,17.9465,33.1650
2460482.69722222,20.8913,35.6264
2460482.69791667,23.7904,38.1946
2460482.69861111,26.6346,40.8891
2460482.69930556,29.4137,43.7311
2460482.70000000,32.1160,46.7431
2460482.70069444,34.7282,49.9494
2460482.70138889,37.2350,53.3751
2460482.70208333,39.6193,57.0457
2460482.70277778,41.8613,60.9858
2460482.70347222,43.9391,65.2172
2460482.70416667,45.8285,69.7562
2460482.70486111,47.5035,74.6105
2460482.70555556,48.9371,79.7746
2460482.70625000,50.1027,85.2269
2460482.70694444,50.9757,90.9261
2460482.70763889,51.5358,96.8112
2460482.70833333,51.7691,102.8041
2460482.70902778,51.6694,108.8161
2460482.70972222,51.2392,114.7563
2460482.71041667,50.4893,120.5413
2460482.71111111,49.4376,126.1026
2460482.71180556,48.1070,131.3904
2460482.71250000,46.5235,136.3753
2460482.71319444,44.7140,141.0456
2460482.71388889,42.7050,145.4041
2460482.71458333,40.5216,149.4638
2460482.71527778,38.1867,153.2448
2460482.71597222,35.7209,156.7706
2460482.71666667,33.1425,160.0667
2460482.71736111,30.4675,163.1586
2460482.71805556,27.7100,166.0707
2460482.71875000,24.8825,168.8265
2460482.71944444,21.9956,171.4477
2460482.72013889,19.0592,173.9547
2460482.72083333,16.0817,176.3660
2460482.72152778,13.0711,178.6993
2460482.72222222,10.0342,-179.0293
2460482.72291667,6.9779,-176.8044
2460482.72361111,3.9082,-174.6112
2460482.72430556,0.8311,-172.4357
2460482.72500000,-2.2476,-170.2639
2460482.72569444,-5.3220,-168.0820
2460482.72638889,-8.3863,-165.8760
2460482.72708333,-11.4345,-163.6315
2460482.72777778,-14.4602,-161.3335
2460482.72847222,-17.4566,-158.9664
2460482.72916667,-20.4162,-156.5132
2460482.72986111,-23.3310,-153.9560
2460482.73055556,-26.1919,-151.2754
2460482.73125000,-28.9887,-148.4504
2460482.73194444,-31.7099,-145.4584
2460482.73263889,-34.3424,-142.2756
2460482.73333333,-36.8712,-138.8767
2460482.73402778,-39.2792,-135.2364
2460482.73472222,-41.5471,-131.3297
2460482.73541667,-43.6533,-127.1344
2460482.73611111,-45.5737,-122.6333
2460482.73680556,-47.2825,-117.8174
2460482.73750000,-48.7530,-112.6903
2460482.73819444,-49.9582,-107.2714
2460482.73888889,-50.8735,-101.5994
2460482.73958333,-51.4780,-95.7331
2460482.74027778,-51.7568,-89.7485
2460482.74097222,-51.7028,-83.7337
2460482.74166667,-51.3176,-77.7796
2460482.74236111,-50.6110,-71.9711
2460482.74305556,-49.6003,-66.3791
2460482.74375000,-48.3079,-61.0555
2460482.74444444,-46.7596,-56.0324
2460482.74513889,-44.9824,-51.3235
2460482.74583333,-43.0029,-46.9277
2460482.74652778,-40.8464,-42.8329
2460482.74722222,-38.5361,-39.0199
2460482.74791667,-36.0929,-35.4652
2460482.74861111,-33.5353,-32.1438
2460482.74930556,-30.8798,-29.0301
2460482.75000000,-28.1404,-26.0993
2460482.75069444,-25.3298,-23.3280
2460482.75138889,-22.4590,-20.6943
2460482.75208333,-19.5377,-18.1776
2460482.75277778,-16.5746,-15.7592
2460482.75347222,-13.5774,-13.4214
2460482.75416667,-10.5532,-11.1479
2460482.75486111,-7.5087,-8.9233
2460482.75555556,-4.4500,-6.7329
2460482.75625000,-1.3830,-4.5625
2460482.75694444,1.6865,-2.3983
2460482.75763889,4.7529,-0.2265
2460482.75833333,7.8105,1.9666
2460482.75902778,10.8532,4.1954
2460482.75972222,13.8749,6.4745
2460482.76041667,16.8691,8.8194
2460482.76111111,19.8284,11.2467
2460482.76180556,22.7450,13.7740
2460482.76250000,25.6103,16.4203
2460482.76319444,28.4142,19.2063
2460482.76388889,31.1458,22.1539
2460482.76458333,33.7923,25.2869
2460482.76527778,36.3392,28.6301
2460482.76597222,38.7701,32.2089
2460482.76666667,41.0661,36.0486
2460482.76736111,43.2061,40.1721
2460482.76805556,45.1668,44.5981
2460482.76875000,46.9226,49.3379
2460482.76944444,48.4468,54.3912
2460482.77013889,49.7126,59.7426
2460482.77083333,50.6943,65.3583
2460482.77152778,51.3699,71.1842
2460482.77222222,51.7229,77.1478
2460482.77291667,51.7441,83.1634
2460482.77361111,51.4329,89.1399
2460482.77430556,50.7973,94.9900
2460482.77500000,49.8526,100.6391
2460482.77569444,48.6203,106.0305
2460482.77638889,47.1254,111.1275
2460482.77708333,45.3947,115.9123
2460482.77777778,43.4551,120.3827
2460482.77847222,41.3322,124.5488
2460482.77916667,39.0498,128.4282
2460482.77986111,36.6293,132.0437
2460482.78055556,34.0897,135.4202
2460482.78125000,31.4481,138.5832
2460482.78194444,28.7190,141.5577
2460482.78263889,25.9155,144.3676
2460482.78333333,23.0490,147.0352
2460482.78402778,20.1295,149.5814
2460482.78472222,17.1660,152.0253
2460482.78541667,14.1666,154.3850
2460482.78611111,11.1384,156.6770
2460482.78680556,8.0884,158.9171
2460482.78750000,5.0229,161.1201
2460482.78819444,1.9478,163.3004
2460482.78888889,-1.1310,165.4719
2460482.78958333,-4.2076,167.6486
2460482.79027778,-7.2763,169.8442
2460482.79097222,-10.3311,172.0731
2460482.79166667,-13.3657,174.3499
2460482.79236111,-16.3735,176.6900
2460482.79305556,-19.3473,179.1100
2460482.79375000,-22.2794,-178.3727
2460482.79444444,-25.1610,-175.7392
2460482.79513889,-27.9823,-172.9691
2460482.79583333,-30.7324,-170.0404
2460482.79652778,-33.3987,-166.9296
2460482.79722222,-35.9670,-163.6120
2460482.79791667,-38.4209,-160.0622
2460482.79861111,-40.7420,-156.2549
2460482.79930556,-42.9095,-152.1665
2460482.80000000,-44.9002,-147.7778
2460482.80069444,-46.6889,-143.0764
2460482.80138889,-48.2489,-138.0608
2460482.80208333,-49.5534,-132.7443
2460482.80277778,-50.5765,-127.1583
2460482.80347222,-51.2958,-121.3545
2460482.80416667,-51.6939,-115.4030
2460482.80486111,-51.7609,-109.3885
2460482.80555556,-51.4951,-103.4021
2460482.80625000,-50.9035,-97.5317
2460482.80694444,-50.0007,-91.8541
2460482.80763889,-48.8076,-86.4283
2460482.80833333,-47.3490,-81.2938
2460482.80902778,-45.6516,-76.4703
2460482.80972222,-43.7424,-71.9619
2460482.81041667,-41.6472,-67.7598
2460482.81111111,-39.3902,-63.8472
2460482.81180556,-36.9929,-60.2017
2460482.81250000,-34.4748,-56.7986
2460482.81319444,-31.8530,-53.6125
2460482.81388889,-29.1425,-50.6181
2460482.81458333,-26.3564,-47.7917
2460482.81527778,-23.5062,-45.1105
2460482.81597222,-20.6022,-42.5536
2460482.81666667,-17.6532,-40.1016
2460482.81736111,-14.6675,-37.7366
2460482.81805556,-11.6523,-35.4416
2460482.81875000,-8.6145,-33.2010
2460482.81944444,-5.5602,-30.9998
2460482.82013889,-2.4956,-28.8238
2460482.82083333,0.5737,-26.6589
2460482.82152778,3.6419,-24.4915
2460482.82222222,6.7033,-22.3077
2460482.82291667,9.7521,-20.0935
2460482.82361111,12.7822,-17.8344
2460482.82430556,15.7872,-15.5152
2460482.82500000,18.7600,-13.1198
2460482.82569444,21.6930,-10.6309
2460482.82638889,24.5780,-8.0300
2460482.82708333,27.4054,-5.2972
2460482.82777778,30.1646,-2.4108
2460482.82847222,32.8435,0.6522
2460482.82916667,35.4283,3.9162
2460482.82986111,37.9032,7.4066
2460482.83055556,40.2504,11.1489
2460482.83125000,42.4496,15.1670
2460482.83194444,44.4781,19.4815
2460482.83263889,46.3113,24.1068
2460482.83333333,47.9226,29.0473
2460482.83402778,49.2851,34.2935
2460482.83472222,50.3726,39.8185
2460482.83541667,51.1614,45.5756
2460482.83611111,51.6329,51.4987
2460482.83680556,51.7750,57.5058
2460482.83750000,51.5839,63.5069
2460482.83819444,51.0645,69.4122
2460482.83888889,50.2296,75.1418
2460482.83958333,49.0989,80.6319
2460482.84027778,47.6962,85.8387
2460482.84097222,46.0479,90.7376
2460482.84166667,44.1810,95.3214
2460482.84236111,42.1218,99.5961
2460482.84305556,39.8946,103.5771
2460482.84375000,37.5219,107.2855
2460482.84444444,35.0235,110.7457
2460482.84513889,32.4170,113.9832
2460482.84583333,29.7181,117.0232
2460482.84652778,26.9402,119.8902
2460482.84722222,24.0954,122.6069
2460482.84791667,21.1940,125.1948
2460482.84861111,18.2455,127.6736
2460482.84930556,15.2582,130.0619
2460482.85000000,12.2397,132.3766
2460482.85069444,9.1969,134.6337
2460482.85138889,6.1362,136.8485
2460482.85208333,3.0639,139.0354
2460482.85277778,-0.0142,141.2085
2460482.85347222,-3.0922,143.3817
2460482.85416667,-6.1645,145.5689
2460482.85486111,-9.2250,147.7840
2460482.85555556,-12.2677,150.0417
2460482.85625000,-15.2860,152.3570
2460482.85694444,-18.2731,154.7460
2460482.85763889,-21.2213,157.2259
2460482.85833333,-24.1223,159.8150
2460482.85902778,-26.9666,162.5332
2460482.85972222,-29.7439,165.4018
2460482.86041667,-32.4422,168.4437
2460482.86111111,-35.0478,171.6834
2460482.86180556,-37.5452,175.1460
2460482.86250000,-39.9168,178.8571
2460482.86319444,-42.1426,-177.1589
2460482.86388889,-44.2002,-172.8810
2460482.86458333,-46.0652,-168.2938
2460482.86527778,-47.7113,-163.3914
2460482.86597222,-49.1115,-158.1814
2460482.86666667,-50.2395,-152.6882
2460482.86736111,-51.0713,-146.9561
2460482.86805556,-51.5875,-141.0490
2460482.86875000,-51.7752,-135.0470
2460482.86944444,-51.6297,-129.0397
2460482.87013889,-51.1549,-123.1176
2460482.87083333,-50.3628,-117.3622
2460482.87152778,-49.2722,-111.8395
2460482.87222222,-47.9068,-106.5961
2460482.87291667,-46.2929,-101.6586
2460482.87361111,-44.4574,-97.0363
2460482.87430556,-42.4268,-92.7248
2460482.87500000,-40.2258,-88.7095
2460482.87569444,-37.8770,-84.9699
2460482.87638889,-35.4006,-81.4818
2460482.87708333,-32.8145,-78.2200
2460482.87777778,-30.1346,-75.1589
2460482.87847222,-27.3744,-72.2743
2460482.87916667,-24.5462,-69.5429
2460482.87986111,-21.6606,-66.9433
2460482.88055556,-18.7270,-64.4554
2460482.88125000,-15.7537,-62.0608
2460482.88194444,-12.7484,-59.7423
2460482.88263889,-9.7180,-57.4838
2460482.88333333,-6.6690,-55.2700
2460482.88402778,-3.6074,-53.0864
2460482.88472222,-0.5391,-50.9191
2460482.88541667,2.5301,-48.7542
2460482.88611111,5.5947,-46.5780
2460482.88680556,8.6487,-44.3765
2460482.88750000,11.6863,-42.1354
2460482.88819444,14.7011,-39.8398
2460482.88888889,17.6864,-37.4739
2460482.88958333,20.6348,-35.0209
2460482.89027778,23.5382,-32.4629
2460482.89097222,26.3877,-29.7803
2460482.89166667,29.1729,-26.9522
2460482.89236111,31.8824,-23.9560
2460482.89305556,34.5030,-20.7678
2460482.89375000,37.0197,-17.3624
2460482.89444444,39.4154,-13.7144
2460482.89513889,41.6708,-9.7989
2460482.89583333,43.7639,-5.5939
2460482.89652778,45.6709,-1.0824
2460482.89722222,47.3657,3.7440
2460482.89791667,48.8216,8.8815
2460482.89861111,50.0117,14.3097
2460482.89930556,50.9112,19.9893
2460482.90000000,51.4995,25.8609
2460482.90069444,51.7619,31.8477
2460482.90138889,51.6915,37.8615
2460482.90208333,51.2901,43.8115
2460482.90277778,50.5677,49.6130
2460482.90347222,49.5417,55.1961
2460482.90416667,48.2346,60.5094
2460482.90486111,46.6723,65.5216
2460482.90555556,44.8816,70.2196
2460482.90625000,42.8892,74.6050
2460482.90694444,40.7202,78.6902
2460482.90763889,38.3979,82.4948
2460482.90833333,35.9429,86.0420
2460482.90902778,33.3737,89.3573
2460482.90972222,30.7067,92.4661
2460482.91041667,27.9560,95.3931
2460482.91111111,25.1342,98.1617
2460482.91180556,22.2522,100.7939
2460482.91250000,19.3198,103.3101
2460482.91319444,16.3456,105.7292
2460482.91388889,13.3376,108.0687
2460482.91458333,10.3028,110.3449
2460482.91527778,7.2479,112.5733
2460482.91597222,4.1792,114.7687
2460482.91666667,1.1025,116.9452
2460482.91736111,-1.9762,119.1168
2460482.91805556,-5.0513,121.2973
2460482.91875000,-8.1168,123.5006
2460482.91944444,-11.1666,125.7411
2460482.92013889,-14.1946,128.0337
2460482.92083333,-17.1938,130.3941
2460482.92152778,-20.1571,132.8390
2460482.92222222,-23.0762,135.3863
2460482.92291667,-25.9423,138.0553
2460482.92361111,-28.7452,140.8668
2460482.92430556,-31.4736,143.8431
2460482.92500000,-34.1145,147.0082
2460482.92569444,-36.6531,150.3870
2460482.92638889,-39.0725,154.0052
2460482.92708333,-41.3537,157.8875
2460482.92777778,-43.4750,162.0567
2460482.92847222,-45.4128,166.5305
2460482.92916667,-47.1414,171.3187
2460482.92986111,-48.6339,176.4191
2460482.93055556,-49.8635,-178.1863
2460482.93125000,-50.8053,-172.5344
2460482.93194444,-51.4378,-166.6822
2460482.93263889,-51.7456,-160.7045
2460482.93333333,-51.7209,-154.6885
2460482.93402778,-51.3645,-148.7254
2460482.93472222,-50.6856,-142.9010
2460482.93541667,-49.7007,-137.2874
2460482.93611111,-48.4320,-131.9386
2460482.93680556,-46.9050,-126.8882
2460482.93750000,-45.1468,-122.1515
2460482.93819444,-43.1839,-117.7285
2460482.93888889,-41.0419,-113.6080
2460482.93958333,-38.7442,-109.7710
2460482.94027778,-36.3119,-106.1947
2460482.94097222,-33.7637,-102.8538
2460482.94166667,-31.1160,-99.7228
2460482.94236111,-28.3835,-96.7769
2460482.94305556,-25.5786,-93.9925
2460482.94375000,-22.7127,-91.3475
2460482.94444444,-19.7954,-88.8214
2460482.94513889,-16.8355,-86.3950
2460482.94583333,-13.8410,-84.0508
2460482.94652778,-10.8189,-81.7723
2460482.94722222,-7.7759,-79.5440
2460482.94791667,-4.7182,-77.3512
2460482.94861111,-1.6517,-75.1796
2460482.94930556,1.4178,-73.0154
2460482.95000000,4.4847,-70.8448
2460482.95069444,7.5433,-68.6541
2460482.95138889,10.5876,-66.4291
2460482.95208333,13.6114,-64.1550
2460482.95277778,16.6082,-61.8165
2460482.95347222,19.5708,-59.3971
2460482.95416667,22.4915,-56.8793
2460482.95486111,25.3616,-54.2442
2460482.95555556,28.1714,-51.4714
2460482.95625000,30.9097,-48.5389
2460482.95694444,33.5642,-45.4231
2460482.95763889,36.1204,-42.0994
2460482.95833333,38.5621,-38.5423
2460482.95902778,40.8707,-34.7265
2460482.95972222,43.0253,-30.6288
2460482.96041667,45.0027,-26.2300
2460482.96111111,46.7775,-21.5180
2460482.96180556,48.3231,-16.4919
2460482.96250000,49.6125,-11.1656
2460482.96319444,50.6201,-5.5714
2460482.96388889,51.3233,0.2386
2460482.96458333,51.7051,6.1934
2460482.96527778,51.7556,12.2079
2460482.96597222,51.4734,18.1913
2460482.96666667,50.8657,24.0556
2460482.96736111,49.9474,29.7249
2460482.96805556,48.7394,35.1406
2460482.96875000,47.2666,40.2643
2460482.96944444,45.5556,45.0767
2460482.97013889,43.6333,49.5745
2460482.97083333,41.5256,53.7666
2460482.97152778,39.2564,57.6703
2460482.97222222,36.8472,61.3080
2460482.97291667,34.3175,64.7045
2460482.97361111,31.6842,67.8852
2460482.97430556,28.9623,70.8753
2460482.97500000,26.1650,73.6987
2460482.97569444,23.3036,76.3780
2460482.97638889,20.3884,78.9340
2460482.97708333,17.4285,81.3862
2460482.97777778,14.4319,83.7525
2460482.97847222,11.4060,86.0499
2460482.97916667,8.3577,88.2939
2460482.97986111,5.2933,90.4996
2460482.98055556,2.2188,92.6813
2460482.98125000,-0.8599,94.8531
2460482.98194444,-3.9369,97.0287
2460482.98263889,-7.0066,99.2221
2460482.98333333,-10.0628,101.4475
2460482.98402778,-13.0995,103.7195
2460482.98472222,-16.1100,106.0534
2460482.98541667,-19.0871,108.4657
2460482.98611111,-22.0232,110.9737
2460482.98680556,-24.9097,113.5962
2460482.98750000,-27.7367,116.3535
2460482.98819444,-30.4936,119.2674
2460482.98888889,-33.1679,122.3612
2460482.98958333,-35.7454,125.6596
2460482.99027778,-38.2102,129.1881
2460482.99097222,-40.5438,132.9719
2460482.99166667,-42.7257,137.0347
2460482.99236111,-44.7330,141.3965
2460482.99305556,-46.5405,146.0702
2460482.99375000,-48.1217,151.0586
2460482.99444444,-49.4497,156.3498
2460482.99513889,-50.4986,161.9140
2460482.99583333,-51.2453,167.7014
2460482.99652778,-51.6722,173.6432
2460482.99722222,-51.7684,179.6559
2460482.99791667,-51.5316,-174.3514
2460482.99861111,-50.9681,-168.4674
2460482.99930556,-50.0918,-162.7701
2460483.00000000,-48.9232,-157.3204
2460483.00069444,-47.4867,-152.1591
2460483.00138889,-45.8092,-147.3079
2460483.00208333,-43.9175,-142.7720
2460483.00277778,-41.8376,-138.5436
2460483.00347222,-39.5937,-134.6063
2460483.00416667,-37.2079,-130.9384
2460483.00486111,-34.6996,-127.5150
2460483.00555556,-32.0863,-124.3109
2460483.00625000,-29.3829,-121.3007
2460483.00694444,-26.6029,-118.4604
2460483.00763889,-23.7579,-115.7673
2460483.00833333,-20.8581,-113.2003
2460483.00902778,-17.9128,-110.7399
2460483.00972222,-14.9299,-108.3679
2460483.01041667,-11.9170,-106.0674
2460483.01111111,-8.8809,-103.8226
2460483.01180556,-5.8278,-101.6186
2460483.01250000,-2.7638,-99.4409
2460483.01319444,0.3053,-97.2756
2460483.01388889,3.3738,-95.1090
2460483.01458333,6.4361,-92.9272
2460483.01527778,9.4862,-90.7162
2460483.01597222,12.5182,-88.4617
2460483.01666667,15.5255,-86.1483
2460483.01736111,18.5014,-83.7602
2460483.01805556,21.4383,-81.2802
2460483.01875000,24.3278,-78.6899
2460483.01944444,27.1606,-75.9695
2460483.02013889,29.9262,-73.0975
2460483.02083333,32.6126,-70.0510
2460483.02152778,35.2062,-66.8056
2460483.02222222,37.6914,-63.3361
2460483.02291667,40.0506,-59.6169
2460483.02361111,42.2635,-55.6239
2460483.02430556,44.3079,-51.3361
2460483.02500000,46.1592,-46.7384
2460483.02569444,47.7910,-41.8255
2460483.02638889,49.1764,-36.6053
2460483.02708333,50.2889,-31.1033
2460483.02777778,51.1048,-25.3643
2460483.02847222,51.6046,-19.4528
2460483.02916667,51.7758,-13.4495
2460483.02986111,51.6139,-7.4444
2460483.03055556,51.1229,-1.5274
2460483.03125000,50.3151,4.2203
2460483.03194444,49.2094,9.7334
2460483.03263889,47.8295,14.9662
2460483.03333333,46.2017,19.8926
2460483.03402778,44.3530,24.5039
2460483.03472222,42.3097,28.8052
2460483.03541667,40.0964,32.8111
2460483.03611111,37.7356,36.5424
2460483.03680556,35.2475,40.0234
2460483.03750000,32.6500,43.2794
2460483.03819444,29.9586,46.3357
2460483.03888889,27.1872,49.2169
2460483.03958333,24.3479,51.9459
2460483.04027778,21.4511,54.5443
2460483.04097222,18.5064,57.0320
2460483.04166667,15.5222,59.4274
2460483.04236111,12.5062,61.7479
2460483.04305556,9.4653,64.0095
2460483.04375000,6.4060,66.2274
2460483.04444444,3.3344,68.4162
2460483.04513889,0.2566,70.5900
2460483.04583333,-2.8217,72.7626
2460483.04652778,-5.8947,74.9480
2460483.04722222,-8.9565,77.1601
2460483.04791667,-12.0010,79.4134
2460483.04861111,-15.0218,81.7231
2460483.04930556,-18.0119,84.1050
2460483.05000000,-20.9639,86.5762
2460483.05069444,-23.8694,89.1550
2460483.05138889,-26.7192,91.8610
2460483.05208333,-29.5029,94.7155
2460483.05277778,-32.2086,97.7413
2460483.05347222,-34.8230,100.9626
2460483.05416667,-37.3306,104.4047
2460483.05486111,-39.7141,108.0930
2460483.05555556,-41.9536,112.0522
2460483.05625000,-44.0269,116.3036
2460483.05694444,-45.9099,120.8634
2460483.05763889,-47.5763,125.7383
2460483.05833333,-48.9992,130.9221
2460483.05902778,-50.1521,136.3921
2460483.05972222,-51.0107,142.1056
2460483.06041667,-51.5552,148.0005
2460483.06111111,-51.7721,153.9979
2460483.06180556,-51.6557,160.0084
2460483.06250000,-51.2094,165.9416
2460483.06319444,-50.4444,171.7146
2460483.06388889,-49.3791,177.2599
2460483.06458333,-48.0367,-177.4707
2460483.06527778,-46.4434,-172.5057
2460483.06597222,-44.6262,-167.8558
2460483.06666667,-42.6116,-163.5174
2460483.06736111,-40.4246,-159.4769
2460483.06805556,-38.0878,-155.7141
2460483.06875000,-35.6218,-152.2050
2460483.06944444,-33.0446,-148.9243
2460483.07013889,-30.3722,-145.8466
2460483.07083333,-27.6186,-142.9475
2460483.07152778,-24.7959,-140.2035
2460483.07222222,-21.9148,-137.5932
2460483.07291667,-18.9850,-135.0963
2460483.07361111,-16.0148,-132.6942
2460483.07430556,-13.0120,-130.3697
2460483.07500000,-9.9835,-128.1065
2460483.07569444,-6.9359,-125.8894
2460483.07638889,-3.8752,-123.7038
2460483.07708333,-0.8072,-121.5356
2460483.07777778,2.2622,-119.3710
2460483.07847222,5.3274,-117.1963
2460483.07916667,8.3826,-114.9976
2460483.07986111,11.4218,-112.7605
2460483.08055556,14.4389,-110.4703
2460483.08125000,17.4270,-108.1112
2460483.08194444,20.3789,-105.6666
2460483.08263889,23.2866,-103.1185
2460483.08333333,26.1411,-100.4476
2460483.08402778,28.9323,-97.6331
2460483.08472222,31.6489,-94.6526
2460483.08541667,34.2778,-91.4822
2460483.08611111,36.8043,-88.0969
2460483.08680556,39.2113,-84.4711
2460483.08750000,41.4797,-80.5800
2460483.08819444,43.5879,-76.4012
2460483.08888889,45.5121,-71.9171
2460483.08958333,47.2266,-67.1183
2460483.09027778,48.7044,-62.0076
2460483.09097222,49.9188,-56.6036
2460483.09166667,50.8447,-50.9441
2460483.09236111,51.4609,-45.0865
2460483.09305556,51.7522,-39.1065
2460483.09375000,51.7110,-33.0915
2460483.09444444,51.3383,-27.1325
2460483.09513889,50.6434,-21.3150
2460483.09583333,49.6432,-15.7106
2460483.09652778,48.3598,-10.3722
2460483.09722222,46.8188,-5.3329
2460483.09791667,45.0471,-0.6073
2460483.09861111,43.0714,3.8050
2460483.09930556,40.9170,7.9159
2460483.10000000,38.6072,11.7440
2460483.10069444,36.1631,15.3128
2460483.10138889,33.6034,18.6474
2460483.10208333,30.9443,21.7733
2460483.10277778,28.2005,24.7152
2460483.10347222,25.3845,27.4968
2460483.10416667,22.5074,30.1402
2460483.10486111,19.5791,32.6658
2460483.10555556,16.6083,35.0926
2460483.10625000,13.6030,37.4384
2460483.10694444,10.5703,39.7195
2460483.10763889,7.5169,41.9515
2460483.10833333,4.4491,44.1492
2460483.10902778,1.3729,46.3268
2460483.10972222,-1.7059,48.4983
2460483.11041667,-4.7815,50.6774
2460483.11111111,-7.8480,52.8782
2460483.11180556,-10.8996,55.1149
2460483.11250000,-13.9297,57.4023
2460483.11319444,-16.9318,59.7561
2460483.11388889,-19.8985,62.1929
2460483.11458333,-22.8219,64.7305
2460483.11527778,-25.6930,67.3880
2460483.11597222,-28.5020,70.1861
2460483.11666667,-31.2374,73.1471
2460483.11736111,-33.8866,76.2947
2460483.11805556,-36.4349,79.6538
2460483.11875000,-38.8655,83.2500
2460483.11944444,-41.1597,87.1083
2460483.12013889,-43.2960,91.2516
2460483.12083333,-45.2509,95.6982
2460483.12152778,-46.9989,100.4589
2460483.12222222,-48.5132,105.5324
2460483.12291667,-49.7670,110.9025
2460483.12361111,-50.7349,116.5340
2460483.12430556,-51.3952,122.3715
2460483.12500000,-51.7319,128.3418
2460483.12569444,-51.7364,134.3582
2460483.12638889,-51.4088,140.3296
2460483.12708333,-50.7575,146.1694
2460483.12777778,-49.7985,151.8039
2460483.12847222,-48.5537,157.1777
2460483.12916667,-47.0482,162.2551
2460483.12986111,-45.3090,167.0195
2460483.13055556,-43.3630,171.4697
2460483.13125000,-41.2357,175.6161
2460483.13194444,-38.9506,179.4770
2460483.13263889,-36.5292,-176.9248
2460483.13333333,-33.9904,-173.5643
2460483.13402778,-31.3508,-170.4159
2460483.13472222,-28.6251,-167.4548
2460483.13541667,-25.8261,-164.6572
2460483.13611111,-22.9650,-162.0008
2460483.13680556,-20.0518,-159.4650
2460483.13750000,-17.0953,-157.0307
2460483.13819444,-14.1035,-154.6800
2460483.13888889,-11.0835,-152.3964
2460483.13958333,-8.0421,-150.1642
2460483.14027778,-4.9854,-147.9688
2460483.14097222,-1.9194,-145.7959
2460483.14166667,1.1501,-143.6316
2460483.14236111,4.2175,-141.4622
2460483.14305556,7.2770,-139.2738
2460483.14375000,10.3227,-137.0523
2460483.14444444,13.3486,-134.7831
2460483.14513889,16.3480,-132.4509
2460483.14583333,19.3139,-130.0393
2460483.14652778,22.2386,-127.5308
2460483.14722222,25.1134,-124.9068
2460483.14791667,27.9288,-122.1469
2460483.14861111,30.6739,-119.2292
2460483.14930556,33.3362,-116.1305
2460483.15000000,35.9016,-112.8260
2460483.15069444,38.3539,-109.2903
2460483.15138889,40.6749,-105.4981
2460483.15208333,42.8438,-101.4260
2460483.15277778,44.8376,-97.0541
2460483.15347222,46.6311,-92.3698
2460483.15416667,48.1979,-87.3709
2460483.15486111,49.5107,-82.0700
2460483.15555556,50.5439,-76.4974
2460483.15625000,51.2744,-70.7038
2460483.15694444,51.6848,-64.7586
2460483.15763889,51.7645,-58.7458
2460483.15833333,51.5113,-52.7562
2460483.15902778,50.9316,-46.8783
2460483.15972222,50.0397,-41.1895
2460483.16041667,48.8562,-35.7498
2460483.16111111,47.4055,-30.5996
2460483.16180556,45.7143,-25.7597
2460483.16250000,43.8095,-21.2346
2460483.16319444,41.7171,-17.0164
2460483.16388889,39.4611,-13.0883
2460483.16458333,37.0634,-9.4283
2460483.16527778,34.5436,-6.0118
2460483.16597222,31.9188,-2.8132
2460483.16666667,29.2042,0.1926
2460483.16736111,26.4130,3.0297
2460483.16805556,23.5568,5.7207
2460483.16875000,20.6460,8.2867
2460483.16944444,17.6897,10.7472
2460483.17013889,14.6960,13.1204
2460483.17083333,11.6725,15.4231
2460483.17152778,8.6259,17.6712
2460483.17222222,5.5626,19.8797
2460483.17291667,2.4888,22.0630
2460483.17361111,-0.5897,24.2350
2460483.17430556,-3.6672,26.4098
2460483.17500000,-6.7377,28.6011
2460483.17569444,-9.7954,30.8231
2460483.17638889,-12.8340,33.0904
2460483.17708333,-15.8471,35.4183
2460483.17777778,-18.8275,37.8230
2460483.17847222,-21.7676,40.3219
2460483.17916667,-24.6588,42.9336
2460483.17986111,-27.4915,45.6783
2460483.18055556,-30.2550,48.5776
2460483.18125000,-32.9371,51.6547
2460483.18194444,-35.5238,54.9342
2460483.18263889,-37.9991,58.4415
2460483.18333333,-40.3451,62.2020
2460483.18402778,-42.5412,66.2396
2460483.18472222,-44.5648,70.5746
2460483.18541667,-46.3909,75.2209
2460483.18611111,-47.9930,80.1820
2460483.18680556,-49.3443,85.4477
2460483.18750000,-50.4185,90.9898
2460483.18819444,-51.1925,96.7603
2460483.18888889,-51.6479,102.6919
2460483.18958333,-51.7733,108.7021
2460483.19027778,-51.5655,114.7003
2460483.19097222,-51.0300,120.5973
2460483.19166667,-50.1803,126.3137
2460483.19236111,-49.0363,131.7871
2460483.19305556,-47.6222,136.9748
2460483.19375000,-45.9646,141.8536
2460483.19444444,-44.0905,146.4170
2460483.19513889,-42.0260,150.6717
2460483.19583333,-39.7955,154.6337
2460483.19652778,-37.4212,158.3243
2460483.19722222,-34.9229,161.7680
2460483.19791667,-32.3180,164.9903
2460483.19861111,-29.6219,168.0165
2460483.19930556,-26.8481,170.8707
2460483.20000000,-24.0082,173.5758
2460483.20069444,-21.1129,176.1530
2460483.20138889,-18.1711,178.6220
2460483.20208333,-15.1912,-178.9989
2460483.20277778,-12.1806,-176.6929
2460483.20347222,-9.1462,-174.4438
2460483.20416667,-6.0944,-172.2368
2460483.20486111,-3.0311,-170.0574
2460483.20555556,0.0378,-167.8915
2460483.20625000,3.1066,-165.7255
2460483.20694444,6.1697,-163.5456
2460483.20763889,9.2211,-161.3378
2460483.20833333,12.2549,-159.0876
2460483.20902778,15.2646,-156.7800
2460483.20972222,18.2435,-154.3991
2460483.21041667,21.1841,-151.9279
2460483.21111111,24.0781,-149.3480
2460483.21180556,26.9162,-146.6398
2460483.21250000,29.6881,-143.7819
2460483.21319444,32.3819,-140.7516
2460483.21388889,34.9841,-137.5246
2460483.21458333,37.4794,-134.0756
2460483.21527778,39.8503,-130.3793
2460483.21597222,42.0768,-126.4111
2460483.21666667,44.1369,-122.1498
2460483.21736111,46.0060,-117.5796
2460483.21805556,47.6580,-112.6942
2460483.21875000,49.0659,-107.5002
2460483.21944444,50.2033,-102.0214
2460483.22013889,51.0459,-96.3008
2460483.22083333,51.5739,-90.4015
2460483.22152778,51.7742,-84.4029
2460483.22222222,51.6413,-78.3944
2460483.22291667,51.1787,-72.4663
2460483.22361111,50.3979,-66.7011
2460483.22430556,49.3174,-61.1654
2460483.22500000,47.9605,-55.9069
2460483.22569444,46.3533,-50.9533
2460483.22638889,44.5229,-46.3145
2460483.22708333,42.4956,-41.9866
2460483.22777778,40.2963,-37.9557
2460483.22847222,37.9476,-34.2013
2460483.22916667,35.4700,-30.6995
2460483.22986111,32.8814,-27.4249
2460483.23055556,30.1977,-24.3521
2460483.23125000,27.4328,-21.4566
2460483.23194444,24.5990,-18.7151
2460483.23263889,21.7069,-16.1062
2460483.23333333,18.7661,-13.6096
2460483.23402778,15.7851,-11.2067
2460483.23472222,12.7716,-8.8803
2460483.23541667,9.7325,-6.6142
2460483.23611111,6.6746,-4.3931
2460483.23680556,3.6039,-2.2023
2460483.23750000,0.5264,-0.0278
2460483.23819444,-2.5521,2.1444
2460483.23888889,-5.6258,4.3281
2460483.23958333,-8.6888,6.5373
2460483.24027778,-11.7351,8.7864
2460483.24097222,-14.7582,11.0905
2460483.24166667,-17.7514,13.4655
2460483.24236111,-20.7070,15.9282
2460483.24305556,-23.6170,18.4968
2460483.24375000,-26.4721,21.1908
2460483.24444444,-29.2620,24.0315
2460483.24513889,-31.9752,27.0414
2460483.24583333,-34.5981,30.2446
2460483.24652778,-37.1158,33.6664
2460483.24722222,-39.5110,37.3323
2460483.24791667,-41.7639,41.2669
2460483.24861111,-43.8528,45.4921
2460483.24930556,-45.7534,50.0246
2460483.25000000,-47.4399,54.8720
2460483.25069444,-48.8852,60.0296
2460483.25138889,-50.0627,65.4760
2460483.25208333,-50.9480,71.1706
2460483.25277778,-51.5206,77.0527
2460483.25347222,-51.7664,83.0447
2460483.25416667,-51.6792,89.0579
2460483.25486111,-51.2613,95.0014
2460483.25555556,-50.5234,100.7915
2460483.25625000,-49.4834,106.3590
2460483.25694444,-48.1642,111.6540
2460483.25763889,-46.5917,116.6463
2460483.25833333,-44.7929,121.3238
2460483.25902778,-42.7945,125.6890
2460483.25972222,-40.6215,129.7548
2460483.26041667,-38.2969,133.5410
2460483.26111111,-35.8413,137.0713
2460483.26180556,-33.2731,140.3709
2460483.26250000,-30.6084,143.4653
2460483.26319444,-27.8613,146.3791
2460483.26388889,-25.0441,149.1357
2460483.26458333,-22.1677,151.7569
2460483.26527778,-19.2418,154.2630
2460483.26597222,-16.2748,156.6726
2460483.26666667,-13.2745,159.0032
2460483.26736111,-10.2480,161.2712
2460483.26805556,-7.2017,163.4917
2460483.26875000,-4.1419,165.6795
2460483.26944444,-1.0744,167.8487
2460483.27013889,1.9951,170.0130
2460483.27083333,5.0609,172.1863
2460483.27152778,8.1172,174.3824
2460483.27222222,11.1581,176.6155
2460483.27291667,14.1774,178.9005
2460483.27361111,17.1683,-178.7471
2460483.27430556,20.1236,-176.3106
2460483.27500000,23.0355,-173.7723
2460483.27569444,25.8950,-171.1129
2460483.27638889,28.6921,-168.3118
2460483.27708333,31.4157,-165.3467
2460483.27777778,34.0528,-162.1939
2460483.27847222,36.5887,-158.8283
2460483.27916667,39.0068,-155.2245
2460483.27986111,41.2881,-151.3576
2460483.28055556,43.4112,-147.2047
2460483.28125000,45.3524,-142.7477
2460483.28194444,47.0862,-137.9765
2460483.28263889,48.5857,-132.8926
2460483.28333333,49.8240,-127.5131
2460483.28402778,50.7760,-121.8739
2460483.28472222,51.4199,-116.0310
2460483.28541667,51.7400,-110.0585
2460483.28611111,51.7279,-104.0429
2460483.28680556,51.3838,-98.0757
2460483.28750000,50.7165,-92.2428
2460483.28819444,49.7422,-86.6174
2460483.28888889,48.4825,-81.2543
2460483.28958333,46.9630,-76.1882
2460483.29027778,45.2104,-71.4351
2460483.29097222,43.2515,-66.9958
2460483.29166667,41.1118,-62.8593
2460483.29236111,38.8148,-59.0074
2460483.29305556,36.3817,-55.4170
2460483.29375000,33.8314,-52.0630
2460483.29444444,31.1805,-48.9199
2460483.29513889,28.4436,-45.9629
2460483.29583333,25.6334,-43.1682
2460483.29652778,22.7613,-40.5136
2460483.29722222,19.8371,-37.9785
2460483.29791667,16.8698,-35.5438
2460483.29861111,13.8672,-33.1916
2460483.29930556,10.8366,-30.9055
2460483.30000000,7.7848,-28.6698
2460483.30069444,4.7181,-26.4696
2460483.30138889,1.6424,-24.2908
2460483.30208333,-1.4364,-22.1194
2460483.30277778,-4.5126,-19.9415
2460483.30347222,-7.5802,-17.7431
2460483.30416667,-10.6333,-15.5102
2460483.30486111,-13.6656,-13.2278
2460483.30555556,-16.6704,-10.8804
2460483.30625000,-19.6405,-8.4515
2460483.30694444,-22.5681,-5.9235
2460483.30763889,-25.4442,-3.2773
2460483.30833333,-28.2590,-0.4923
2460483.30902778,-31.0015,2.4536
2460483.30972222,-33.6588,5.5839
2460483.31041667,-36.2165,8.9236
2460483.31111111,-38.6582,12.4981
2460483.31180556,-40.9651,16.3325
2460483.31250000,-43.1162,20.4502
2460483.31319444,-45.0880,24.8699
2460483.31388889,-46.8551,29.6030
2460483.31458333,-48.3910,34.6498
2460483.31527778,-49.6686,39.9952
2460483.31597222,-50.6624,45.6059
2460483.31666667,-51.3502,51.4282
2460483.31736111,-51.7156,57.3903
2460483.31805556,-51.7493,63.4064
2460483.31875000,-51.4504,69.3855
2460483.31944444,-50.8268,75.2401
2460483.32013889,-49.8938,80.8951
2460483.32083333,-48.6729,86.2934
2460483.32152778,-47.1890,91.3976
2460483.32222222,-45.4691,96.1897
2460483.32291667,-43.5400,100.6670
2460483.32361111,-41.4275,104.8393
2460483.32430556,-39.1553,108.7243
2460483.32500000,-36.7449,112.3445
2460483.32569444,-34.2156,115.7247
2460483.32638889,-31.5841,118.8906
2460483.32708333,-28.8653,121.8670
2460483.32777778,-26.0721,124.6780
2460483.32847222,-23.2160,127.3459
2460483.32916667,-20.3070,129.8914
2460483.32986111,-17.3539,132.3339
2460483.33055556,-14.3648,134.6912
2460483.33125000,-11.3470,136.9800
2460483.33194444,-8.3072,139.2160
2460483.33263889,-5.2516,141.4141
2460483.33333333,-2.1862,143.5884
2460483.33402778,0.8833,145.7529
2460483.33472222,3.9511,147.9213
2460483.33541667,7.0115,150.1075
2460483.33611111,10.0587,152.3256
2460483.33680556,13.0865,154.5900
2460483.33750000,16.0885,156.9161
2460483.33819444,19.0576,159.3202
2460483.33888889,21.9862,161.8194
2460483.33958333,24.8657,164.4326
2460483.34027778,27.6866,167.1799
2460483.34097222,30.4382,170.0829
2460483.34166667,33.1082,173.1648
2460483.34236111,35.6827,176.4504
2460483.34305556,38.1455,179.9649
2460483.34375000,40.4787,-176.2663
2460483.34444444,42.6617,-172.2194
2460483.34513889,44.6717,-167.8743
2460483.34583333,46.4836,-163.2175
2460483.34652778,48.0711,-158.2459
2460483.34722222,49.4071,-152.9704
2460483.34791667,50.4656,-147.4199
2460483.34861111,51.2233,-141.6431
2460483.34930556,51.6621,-135.7081
2460483.35000000,51.7708,-129.6977
2460483.35069444,51.5465,-123.7025
2460483.35138889,50.9948,-117.8117
2460483.35208333,50.1295,-112.1038
2460483.35277778,48.9704,-106.6407
2460483.35347222,47.5420,-101.4642
2460483.35416667,45.8707,-96.5969
2460483.35486111,43.9836,-92.0446
2460483.35555556,41.9066,-87.8002
2460483.35625000,39.6640,-83.8477
2460483.35694444,37.2780,-80.1653
2460483.35763889,34.7681,-76.7286
2460483.35833333,32.1519,-73.5120
2460483.35902778,29.4446,-70.4904
2460483.35972222,26.6596,-67.6396
2460483.36041667,23.8087,-64.9367
2460483.36111111,20.9024,-62.3606
2460483.36180556,17.9497,-59.8916
2460483.36250000,14.9590,-57.5115
2460483.36319444,11.9378,-55.2032
2460483.36388889,8.8930,-52.9510
2460483.36458333,5.8309,-50.7396
2460483.36527778,2.7578,-48.5547
2460483.36597222,-0.3206,-46.3822
2460483.36666667,-3.3983,-44.2083
2460483.36736111,-6.4697,-42.0190
2460483.36805556,-9.5288,-39.8002
2460483.36875000,-12.5694,-37.5375
2460483.36944444,-15.5850,-35.2155
2460483.37013889,-18.5685,-32.8181
2460483.37083333,-21.5125,-30.3282
2460483.37152778,-24.4083,-27.7270
2460483.37222222,-27.2466,-24.9948
2460483.37291667,-30.0167,-22.1099
2460483.37361111,-32.7064,-19.0492
2460483.37430556,-35.3021,-15.7884
2460483.37500000,-37.7879,-12.3019
2460483.37569444,-40.1460,-8.5644
2460483.37638889,-42.3561,-4.5518
2460483.37708333,-44.3957,-0.2434
2460483.37777778,-46.2401,4.3755
2460483.37847222,-47.8629,9.3095
2460483.37916667,-49.2371,14.5496
2460483.37986111,-50.3365,20.0693
2460483.38055556,-51.1375,25.8224
2460483.38125000,-51.6213,31.7432
2460483.38194444,-51.7757,37.7502
2460483.38263889,-51.5968,43.7532
2460483.38333333,-51.0894,49.6624
2460483.38402778,-50.2663,55.3975
2460483.38472222,-49.1470,60.8942
2460483.38541667,-47.7553,66.1080
2460483.38611111,-46.1178,71.0142
2460483.38680556,-44.2614,75.6051
2460483.38750000,-42.2125,79.8862
2460483.38819444,-39.9955,83.8729
2460483.38888889,-37.6328,87.5862
2460483.38958333,-35.1445,91.0505
2460483.39027778,-32.5482,94.2911
2460483.39097222,-29.8594,97.3333
2460483.39166667,-27.0918,100.2016
2460483.39236111,-24.2573,102.9188
2460483.39305556,-21.3663,105.5064
2460483.39375000,-18.4282,107.9841
2460483.39444444,-15.4513,110.3703
2460483.39513889,-12.4431,112.6821
2460483.39583333,-9.4105,114.9354
2460483.39652778,-6.3599,117.1456
2460483.39722222,-3.2973,119.3269
2460483.39791667,-0.2287,121.4933
2460483.39861111,2.8404,123.6588
2460483.39930556,5.9041,125.8369
2460483.40000000,8.9568,128.0418
2460483.40069444,11.9924,130.2877
2460483.40138889,15.0045,132.5896
2460483.40208333,17.9863,134.9635
2460483.40277778,20.9305,137.4262
2460483.40347222,23.8288,139.9959
2460483.40416667,26.6722,142.6921
2460483.40486111,29.4502,145.5361
2460483.40555556,32.1513,148.5504
2460483.40625000,34.7621,151.7593
2460483.40694444,37.2673,155.1879
2460483.40763889,39.6497,158.8617
2460483.40833333,41.8896,162.8053
2460483.40902778,43.9650,167.0404
2460483.40972222,45.8517,171.5832
2460483.41041667,47.5236,176.4412
2460483.41111111,48.9539,-178.3911
2460483.41180556,50.1157,-172.9357
2460483.41250000,50.9848,-167.2341
2460483.41319444,51.5408,-161.3475
2460483.41388889,51.7699,-155.3541
2460483.41458333,51.6661,-149.3429
2460483.41527778,51.2318,-143.4046
2460483.41597222,50.4781,-137.6223
2460483.41666667,49.4228,-132.0646
2460483.41736111,48.0890,-126.7807
2460483.41805556,46.5027,-121.7999
2460483.41875000,44.6907,-117.1337
2460483.41944444,42.6796,-112.7793
2460483.42013889,40.4943,-108.7233
2460483.42083333,38.1579,-104.9458
2460483.42152778,35.6908,-101.4230
2460483.42222222,33.1112,-98.1296
2460483.42291667,30.4353,-95.0402
2460483.42361111,27.6770,-92.1302
2460483.42430556,24.8488,-89.3762
2460483.42500000,21.9614,-86.7566
2460483.42569444,19.0245,-84.2509
2460483.42638889,16.0467,-81.8406
2460483.42708333,13.0358,-79.5083
2460483.42777778,9.9987,-77.2375
2460483.42847222,6.9422,-75.0131
2460483.42916667,3.8724,-72.8202
2460483.42986111,0.7953,-70.6448
2460483.43055556,-2.2834,-68.4730
2460483.43125000,-5.3577,-66.2908
2460483.43194444,-8.4220,-64.0844
2460483.43263889,-11.4700,-61.8393
2460483.43333333,-14.4954,-59.5406
2460483.43402778,-17.4915,-57.1725
2460483.43472222,-20.4507,-54.7182
2460483.43541667,-23.3650,-52.1595
2460483.43611111,-26.2254,-49.4772
2460483.43680556,-29.0215,-46.6502
2460483.43750000,-31.7418,-43.6560
2460483.43819444,-34.3733,-40.4705
2460483.43888889,-36.9009,-37.0688
2460483.43958333,-39.3075,-33.4251
2460483.44027778,-41.5737,-29.5148
2460483.44097222,-43.6778,-25.3156
2460483.44166667,-45.5959,-20.8103
2460483.44236111,-47.3022,-15.9903
2460483.44305556,-48.7696,-10.8590
2460483.44375000,-49.9715,-5.4363
2460483.44444444,-50.8831,0.2389
2460483.44513889,-51.4836,6.1077
2460483.44583333,-51.7582,12.0937
2460483.44652778,-51.7000,18.1088
2460483.44722222,-51.3105,24.0620
2460483.44791667,-50.5999,29.8685
2460483.44861111,-49.5853,35.4578
2460483.44930556,-48.2893,40.7780
2460483.45000000,-46.7377,45.7974
2460483.45069444,-44.9575,50.5025
2460483.45138889,-42.9754,54.8945
2460483.45208333,-40.8166,58.9857
2460483.45277778,-38.5042,62.7954
2460483.45347222,-36.0592,66.3470
2460483.45416667,-33.5001,69.6657
2460483.45486111,-30.8432,72.7769
2460483.45555556,-28.1027,75.7055
2460483.45625000,-25.2911,78.4749
2460483.45694444,-22.4194,81.1071
2460483.45763889,-19.4973,83.6224
2460483.45833333,-16.5335,86.0397
2460483.45902778,-13.5358,88.3765
2460483.45972222,-10.5113,90.6493
2460483.46041667,-7.4665,92.8734
2460483.46111111,-4.4076,95.0635
2460483.46180556,-1.3405,97.2337
2460483.46250000,1.7291,99.3979
2460483.46319444,4.7954,101.5699
2460483.46388889,7.8528,103.7634
2460483.46458333,10.8952,105.9928
2460483.46527778,13.9166,108.2726
2460483.46597222,16.9102,110.6186
2460483.46666667,19.8690,113.0471
2460483.46736111,22.7849,115.5758
2460483.46805556,25.6493,118.2238
2460483.46875000,28.4522,121.0117
2460483.46944444,31.1826,123.9616
2460483.47013889,33.8277,127.0972
2460483.47083333,36.3731,130.4432
2460483.47152778,38.8021,134.0253
2460483.47222222,41.0960,137.8684
2460483.47291667,43.2337,141.9956
2460483.47361111,45.1917,146.4256
2460483.47430556,46.9445,151.1692
2460483.47500000,48.4654,156.2263
2460483.47569444,49.7274,161.5812
2460483.47638889,50.7052,167.1997
2460483.47708333,51.3766,173.0275
2460483.47777778,51.7253,178.9920
2460483.47847222,51.7422,-174.9927
2460483.47916667,51.4268,-169.0178
2460483.47986111,50.7871,-163.1702
2460483.48055556,49.8386,-157.5245
2460483.48125000,48.6029,-152.1370
2460483.48194444,47.1049,-147.0442
2460483.48263889,45.3715,-142.2637
2460483.48333333,43.4296,-137.7974
2460483.48402778,41.3047,-133.6354
2460483.48472222,39.0206,-129.7596
2460483.48541667,36.5986,-126.1474
2460483.48611111,34.0578,-122.7739
2460483.48680556,31.4151,-119.6135
2460483.48750000,28.6852,-116.6412
2460483.48819444,25.8810,-113.8333
2460483.48888889,23.0139,-111.1674
2460483.48958333,20.0939,-108.6227
2460483.49027778,17.1300,-106.1799
2460483.49097222,14.1302,-103.8213
2460483.49166667,11.1018,-101.5300
2460483.49236111,8.0516,-99.2905
2460483.49305556,4.9860,-97.0879
2460483.49375000,1.9108,-94.9078
2460483.49444444,-1.1680,-92.7362
2460483.49513889,-4.2446,-90.5594
2460483.49583333,-7.3131,-88.3634
2460483.49652778,-10.3678,-86.1341
2460483.49722222,-13.4021,-83.8566
2460483.49791667,-16.4097,-81.5155
2460483.49861111,-19.3832,-79.0944
2460483.49930556,-22.3148,-76.5757
2460483.50000000,-25.1958,-73.9405
