time_h,x_km,y_km,z_km,r_km,inc_deg,raan_deg
0.265775,7056.595565,-64.241155,445.803529,7070.955287,98.199957,359.999998
0.524216,3399.300163,-885.109276,6145.588408,7078.623941,98.191802,359.993021
0.788096,-3108.399154,-906.264172,6305.524924,7088.237060,98.191392,359.974029
1.032602,-7034.843930,-123.623111,886.633885,7091.574680,98.199809,359.966283
1.294437,-4713.424792,757.864041,-5241.686259,7089.852327,98.194045,359.962543
1.558810,1650.595530,979.478175,-6816.696352,7081.750649,98.189927,359.944461
1.814193,6677.336747,324.458504,-2306.259533,7071.840806,98.198841,359.932803
2.076826,5685.641030,-606.762838,4164.946973,7073.998752,98.196225,359.930825
2.315531,-249.608484,-1008.179322,7008.059628,7084.605119,98.189364,359.914910
2.575767,-6076.124253,-510.777440,3619.500282,7090.906982,98.197149,359.899881
2.840927,-6462.845378,427.398351,-2886.961182,7091.232939,98.198179,359.898279
3.086069,-1095.334358,999.398970,-6929.016655,7085.889321,98.189606,359.885259
3.347332,5152.706221,679.475689,-4800.678497,7075.209018,98.194989,359.867835
3.612439,6922.466459,-221.756399,1425.779604,7071.249200,98.199557,359.865013
3.867893,2519.816794,-948.872202,6548.179753,7080.147824,98.190699,359.855679
4.131380,-3740.471805,-847.667100,5961.699033,7088.830947,98.192303,359.837435
4.360314,-7084.384976,-25.097325,318.878284,7091.602338,98.199957,359.831344
4.620883,-4175.457708,828.881287,-5669.074329,7089.421345,98.193039,359.826355
4.884890,2196.143055,951.812011,-6664.098237,7080.903595,98.190370,359.807950
5.137638,6837.390079,233.680616,-1789.276324,7071.493441,98.199302,359.797735
5.399597,5353.204507,-678.083712,4575.380734,7074.652279,98.195447,359.795270
5.664843,-357.339520,-1006.556502,7003.700439,7084.678353,98.189377,359.779666
5.924764,-6165.062676,-474.717900,3471.019028,7090.932800,98.197377,359.764821
6.189806,-6446.841592,447.257351,-2919.603211,7091.254371,98.198138,359.763335
6.432649,-1066.158783,1002.455820,-6933.165570,7085.929512,98.189593,359.750254
6.693990,5090.659690,677.189598,-4867.014560,7075.396283,98.194850,359.733043
6.959229,6973.329047,-199.263383,1154.878181,7071.122083,98.199709,359.730117
7.215231,2770.495469,-941.419484,6446.644399,7079.628506,98.190983,359.721465
7.478823,-3574.320350,-854.109363,6061.589149,7088.591664,98.192043,359.702946
7.702439,-7079.896534,-21.077033,406.584397,7091.592914,98.199944,359.696419
7.963093,-4290.947809,826.904658,-5582.679237,7089.591799,98.193249,359.691714
8.227341,1861.181835,962.995090,-6764.396208,7081.554450,98.190080,359.674005
8.481836,6743.570463,264.741742,-2112.740002,7071.739609,98.199027,359.662890
8.744170,5638.925115,-641.613204,4222.836942,7074.001399,98.196120,359.660895
8.951950,-114.078101,-1008.312587,7011.197441,7084.249970,98.189353,359.645484
9.212538,-5962.233277,-509.488288,3804.040308,7090.735267,98.196853,359.630216
9.477877,-6615.795008,406.073291,-2520.739396,7091.386762,98.198607,359.628609
9.725111,-1475.116173,997.078569,-6859.220461,7086.539263,98.189815,359.616552
9.986763,4877.302208,697.205864,-5078.800618,7075.901961,98.194393,359.598584
10.252067,7002.264094,-188.622499,965.639163,7071.049418,98.199797,359.595206
10.508299,2942.615811,-938.162237,6369.975780,7079.246262,98.191195,359.587024
10.772104,-3218.074705,-876.151761,6254.447086,7088.141863,98.191530,359.568973
11.014436,-7048.258052,-58.492756,780.241982,7091.554168,98.199848,359.561502
11.275697,-4645.717585,798.481380,-5295.979080,7089.968887,98.193922,359.557625
11.540074,1672.665562,967.179009,-6813.278832,7081.949856,98.189938,359.539641
11.795372,6684.401898,275.233782,-2292.356916,7071.907989,98.198855,359.528023
12.058179,5964.210959,-590.407998,3756.423318,7073.267287,98.196928,359.526538
12.277644,209.826785,-1010.383620,7008.126458,7083.695278,98.189361,359.511547
12.538658,-5795.317562,-532.433170,4050.529789,7090.555853,98.196435,359.495576
12.804072,-6679.206888,397.506638,-2349.215481,7091.447635,98.198787,359.493751
13.052049,-1649.154351,996.480332,-6819.865153,7086.835953,98.189932,359.482147
13.314256,4400.675959,749.603141,-5491.384496,7076.945489,98.193449,359.464760
13.574879,7060.692951,-118.596882,361.438567,7070.932612,98.199972,359.460298
13.832501,3484.636223,-910.465524,6093.360586,7078.183405,98.191939,359.453569
14.096388,-3046.697311,-882.389201,6338.539498,7087.881078,98.191301,359.434519
14.341942,-7026.035708,-67.894034,959.108287,7091.521422,98.199780,359.426585
14.603208,-4719.308726,800.725918,-5230.328251,7090.089595,98.194072,359.422871
14.867686,1537.360694,969.246455,-6845.100617,7082.253812,98.189845,359.405122
15.123489,6639.176302,278.407310,-2420.261288,7072.046189,98.198724,359.393145
15.386172,5954.459222,-606.219554,3769.312591,7073.245661,98.196907,359.391599
15.607379,220.164911,-1010.942174,7007.632250,7083.599821,98.189362,359.376660
15.868409,-5789.204684,-520.336920,4060.738529,7090.503422,98.196417,359.360664
16.133695,-6659.540879,420.420166,-2400.539443,7091.461588,98.198734,359.358807
16.379728,-1602.042939,1001.365970,-6830.389910,7086.854147,98.189901,359.347090
16.641540,4758.561685,691.876820,-5191.437620,7076.272141,98.194143,359.329006
16.906757,7010.114281,-212.438949,901.352679,7071.016136,98.199823,359.325359
17.162446,3001.787033,-948.523544,6340.484490,7078.994694,98.191275,359.317349
17.426084,-3467.215496,-839.371806,6125.147207,7088.268945,98.191875,359.298467
17.657948,-7052.012616,-20.517464,747.385348,7091.536347,98.199859,359.291650
17.918824,-4618.381576,822.975702,-5316.223969,7090.061684,98.193876,359.287720
18.183203,1689.043861,958.748863,-6810.564754,7082.080260,98.189947,359.269755
18.438436,6689.430272,242.140688,-2281.538737,7071.953655,98.198866,359.258169
18.700487,5669.350876,-675.180982,4176.263623,7073.795768,98.196205,359.256184
18.930103,-220.482097,-1005.838455,7008.925656,7084.162774,98.189360,359.240407
19.190413,-6048.112197,-447.495711,3673.925775,7090.673040,98.197063,359.225306
19.455199,-6490.195654,493.477755,-2814.568268,7091.400035,98.198268,359.223692
19.690045,-1195.087766,1011.217662,-6911.327699,7086.412808,98.189660,359.210965
19.951688,4893.839781,661.001101,-5067.926669,7076.049109,98.194417,359.193783
20.216752,6998.062274,-240.722522,984.198003,7071.030239,98.199789,359.190429
20.471724,2928.694813,-959.264361,6373.033414,7079.053349,98.191186,359.182229
20.735297,-3563.444546,-822.184731,6072.058480,7088.301555,98.192015,359.163293
20.967128,-7077.994186,41.271915,436.520644,7091.562263,98.199938,359.156718
21.227031,-4298.952092,865.830738,-5570.928231,7089.844378,98.193278,359.152050
21.491284,1870.801058,945.431138,-6764.531854,7081.852006,98.190081,359.134303
21.745734,6745.903570,201.193039,-2112.640373,7071.841554,98.199028,359.123190
22.007656,5661.791492,-689.568534,4184.108514,7073.765031,98.196190,359.121248
22.234142,-207.799491,-1005.597868,7009.248276,7084.064448,98.189358,359.105528
22.494491,-6037.059222,-436.235661,3693.304753,7090.619550,98.197032,359.090400
22.759228,-6507.299130,503.084948,-2773.163949,7091.436718,98.198318,359.088788
22.991676,-1243.008695,1013.593575,-6902.665360,7086.552873,98.189687,359.076190
23.253307,4900.556023,648.693302,-5063.090276,7076.096062,98.194428,359.058846
23.518422,7013.379846,-240.726717,868.064580,7070.995852,98.199836,359.055510
23.773406,3033.328710,-960.787452,6323.380163,7078.794550,98.191322,359.047597
24.037170,-3235.492473,-844.923445,6249.451133,7087.873210,98.191543,359.029246
