time_h,altitude_km,sma_km,ecc,period_min
0,349.863,6728,0.001,91.5353
1,341.426,6719.56,0.000464801,91.3632
2,339.542,6717.68,0.000570774,91.3248
3,349.334,6727.47,0.000950921,91.5245
4,343.459,6721.6,0.000398121,91.4047
5,338.139,6716.28,0.000646696,91.2962
6,348.051,6726.19,0.000810461,91.4984
7,345.515,6723.65,0.000439322,91.4466
8,337.469,6715.61,0.000653811,91.2825
9,346.173,6724.31,0.000599121,91.46
10,347.304,6725.44,0.000552873,91.4831
11,337.598,6715.74,0.000579578,91.2851
12,343.937,6722.07,0.000353491,91.4144
13,348.572,6726.71,0.000662188,91.509
14,338.491,6716.63,0.0004308,91.3033
15,341.625,6719.76,0.00017724,91.3672
16,349.14,6727.28,0.00072243,91.5206
17,340.008,6718.15,0.000245504,91.3343
18,339.525,6717.66,0.000293596,91.3244
19,348.92,6727.06,0.000715938,91.5161
20,341.932,6720.07,0.000210167,91.3735
21,337.895,6716.03,0.000481196,91.2912
22,347.927,6726.06,0.00064515,91.4958
23,343.992,6722.13,0.000421767,91.4155
24,336.928,6715.07,0.000614377,91.2715
25,346.281,6724.42,0.000532745,91.4622
26,345.902,6724.04,0.000658725,91.4545
27,336.731,6714.87,0.000668986,91.2675
28,344.183,6722.32,0.000428496,91.4194
29,347.398,6725.53,0.000851185,91.485
30,337.308,6715.45,0.000643825,91.2792
31,341.891,6720.03,0.000405326,91.3727
32,348.271,6726.41,0.000968942,91.5028
33,338.564,6716.7,0.000555674,91.3048
34,339.686,6717.82,0.000478454,91.3277
35,348.397,6726.53,0.00099603,91.5054
36,340.317,6718.45,0.0004448,91.3406
37,337.834,6715.97,0.000577349,91.29
38,347.745,6725.88,0.000929065,91.4921
39,342.323,6720.46,0.000385539,91.3815
40,336.555,6714.69,0.000640316,91.2639
41,346.389,6724.53,0.000777079,91.4644
42,344.31,6722.45,0.000438729,91.422
43,335.991,6714.13,0.000636438,91.2524
44,344.489,6722.63,0.000561266,91.4257
45,346.008,6724.14,0.000556953,91.4567
46,336.195,6714.33,0.000556072,91.2565
47,342.275,6720.41,0.000319303,91.3805
48,347.187,6725.32,0.000666094,91.4807
49,337.12,6715.26,0.000408069,91.2754
50,340.013,6718.15,0.000172024,91.3344
51,347.684,6725.82,0.000725883,91.4909
52,338.63,6716.77,0.000235617,91.3062
53,337.972,6716.11,0.000313015,91.2928
54,347.426,6725.56,0.000721018,91.4856
55,340.516,6718.65,0.000227236,91.3446
56,336.39,6714.53,0.000498064,91.2605
57,346.432,6724.57,0.0006544,91.4653
58,342.524,6720.66,0.000434508,91.3856
59,335.446,6713.58,0.000627307,91.2413
60,344.815,6722.95,0.000547047,91.4323
61,344.387,6722.52,0.000662569,91.4236
62,335.236,6713.37,0.000679957,91.237
63,342.764,6720.9,0.000443385,91.3905
64,345.857,6723.99,0.000848689,91.4536
65,335.768,6713.9,0.000654785,91.2478
66,340.519,6718.66,0.00040908,91.3447
67,346.739,6724.88,0.000964336,91.4716
68,336.954,6715.09,0.000566511,91.272
69,338.343,6716.48,0.000467048,91.3003
70,346.911,6725.05,0.000994103,91.4751
71,338.629,6716.77,0.000450579,91.3062
72,336.487,6714.62,0.000558687,91.2625
73,346.34,6724.48,0.000934106,91.4634
74,340.57,6718.71,0.000375596,91.3457
75,335.158,6713.3,0.000623411,91.2354
76,345.085,6723.22,0.00079182,91.4378
77,342.522,6720.66,0.00041279,91.3855
78,334.501,6712.64,0.000628731,91.222
79,343.286,6721.42,0.000585804,91.4011
80,344.233,6722.37,0.000528666,91.4204
81,334.574,6712.71,0.000562944,91.2235
82,341.151,6719.29,0.000348526,91.3576
83,345.48,6723.62,0.000646061,91.4459
84,335.349,6713.49,0.000431641,91.2393
85,338.923,6717.06,0.000172736,91.3121
86,346.101,6724.24,0.000720963,91.4586
87,336.714,6714.85,0.000267591,91.2671
88,336.855,6714.99,0.000279951,91.27
89,346.008,6724.14,0.000735137,91.4567
90,338.485,6716.62,0.000212084,91.3032
91,335.178,6713.32,0.000468899,91.2358
92,345.201,6723.34,0.000687547,91.4402
93,340.433,6718.57,0.0003844,91.3429
94,334.073,6712.21,0.000612138,91.2133
95,343.765,6721.9,0.00059282,91.4109
96,342.31,6720.45,0.00060653,91.3812
97,333.652,6711.79,0.000684087,91.2047
98,341.859,6720,0.000484192,91.372
99,343.877,6722.01,0.000800379,91.4132
100,333.943,6712.08,0.000679478,91.2106
101,339.695,6717.83,0.000416965,91.3279
102,344.937,6723.07,0.000934294,91.4348
103,334.892,6713.03,0.000607048,91.23
104,337.513,6715.65,0.000436789,91.2834
105,345.35,6723.49,0.000990414,91.4432
106,336.369,6714.51,0.000491777,91.2601
107,335.553,6713.69,0.00051546,91.2434
108,345.058,6723.2,0.000961491,91.4373
109,338.183,6716.32,0.000385246,91.2971
110,334.026,6712.16,0.000590766,91.2123
111,344.083,6722.22,0.000850649,91.4174
112,340.106,6718.24,0.000369437,91.3363
113,333.09,6711.23,0.000621671,91.1932
114,342.527,6720.66,0.000671124,91.3857
115,341.899,6720.04,0.000462983,91.3728
116,332.836,6710.97,0.000589423,91.1881
117,340.559,6718.7,0.000446843,91.3455
118,343.341,6721.48,0.000590057,91.4022
119,333.271,6711.41,0.000491986,91.1969
120,338.393,6716.53,0.000226496,91.3013
121,344.252,6722.39,0.000692102,91.4208
122,334.327,6712.46,0.000345819,91.2184
123,336.261,6714.4,0.000200515,91.2579
124,344.517,6722.65,0.000742016,91.4262
125,335.864,6714,0.000217985,91.2498
126,334.392,6712.53,0.000381821,91.2198
127,344.094,6722.23,0.000731135,91.4176
128,337.69,6715.83,0.000284584,91.287
129,332.98,6711.12,0.000551813,91.191
130,343.02,6721.16,0.000664864,91.3957
131,339.58,6717.72,0.00048589,91.3255
132,332.164,6710.3,0.000662623,91.1744
133,341.405,6719.54,0.000562878,91.3628
134,341.307,6719.44,0.000692072,91.3608
135,332.017,6710.15,0.000700997,91.1714
136,339.419,6717.56,0.000462576,91.3223
137,342.661,6720.8,0.000857933,91.3884
138,332.536,6710.67,0.000667224,91.1819
139,337.27,6715.41,0.000417221,91.2784
140,343.479,6721.62,0.000959945,91.4051
141,333.643,6711.78,0.000574077,91.2045
142,335.184,6713.32,0.000452822,91.2359
143,343.657,6721.79,0.00098516,91.4087
144,335.197,6713.33,0.000450862,91.2362
145,333.375,6711.51,0.000528792,91.199
146,343.165,6721.3,0.000930071,91.3987
147,337.008,6715.14,0.000356825,91.2731
148,332.025,6710.16,0.000591023,91.1715
149,342.047,6720.18,0.00080045,91.3759
150,338.86,6717,0.000371829,91.3109
151,331.265,6709.4,0.000606956,91.156
152,340.413,6718.55,0.000611117,91.3425
153,340.536,6718.67,0.000483113,91.345
154,331.158,6709.29,0.000562936,91.1539
155,338.433,6716.57,0.000387577,91.3022
156,341.84,6719.98,0.00061123,91.3716
157,331.696,6709.83,0.000460444,91.1648
158,336.307,6714.44,0.000191217,91.2588
159,342.616,6720.75,0.000708119,91.3875
160,332.801,6710.94,0.000320507,91.1873
161,334.252,6712.39,0.000231745,91.2169
162,342.771,6720.91,0.000752498,91.3906
163,334.337,6712.47,0.000222746,91.2186
164,332.472,6710.61,0.00041653,91.1806
165,342.275,6720.41,0.000738411,91.3805
166,336.12,6714.26,0.000313522,91.255
167,331.142,6709.28,0.000576801,91.1535
168,341.172,6719.31,0.000672041,91.358
169,337.945,6716.08,0.000507808,91.2922
170,330.383,6708.52,0.000678172,91.1381
171,339.569,6717.71,0.000571986,91.3253
172,339.601,6717.74,0.000702584,91.326
173,330.258,6708.39,0.000709926,91.1355
174,337.623,6715.76,0.000472042,91.2856
175,340.899,6719.04,0.000858731,91.3524
176,330.759,6708.9,0.000672792,91.1457
177,335.527,6713.66,0.000420036,91.2429
178,341.69,6719.83,0.000954923,91.3686
179,331.815,6709.95,0.000578424,91.1673
180,333.488,6711.62,0.000443737,91.2013
181,341.88,6720.02,0.000979272,91.3725
182,333.298,6711.43,0.000452925,91.1975
183,331.702,6709.84,0.000511554,91.1649
184,341.438,6719.58,0.000928344,91.3634
185,335.034,6713.17,0.000349743,91.2329
186,330.338,6708.47,0.000572883,91.1371
187,340.4,6718.54,0.000806971,91.3423
188,336.829,6714.97,0.000350633,91.2695
189,329.518,6707.66,0.000594981,91.1204
190,338.862,6717,0.000628064,91.3109
191,338.483,6716.62,0.000456838,91.3032
192,329.31,6707.45,0.000563062,91.1162
193,336.973,6715.11,0.000413765,91.2724
194,339.811,6717.95,0.000588981,91.3303
195,329.714,6707.85,0.000476466,91.1244
196,334.913,6713.05,0.000212346,91.2304
197,340.667,6718.8,0.000696332,91.3477
198,330.67,6708.81,0.00035096,91.1439
199,332.878,6711.02,0.000206021,91.1889
200,340.952,6719.09,0.00075608,91.3535
201,332.065,6710.2,0.000242893,91.1723
202,331.06,6709.2,0.000381018,91.1519
203,340.626,6718.76,0.000760138,91.3469
204,333.738,6711.88,0.000283102,91.2064
205,329.624,6707.76,0.000547869,91.1226
206,339.713,6717.85,0.000711207,91.3283
207,335.506,6713.64,0.000452076,91.2425
208,328.696,6706.83,0.000663951,91.1037
209,338.292,6716.43,0.000622289,91.2993
210,337.178,6715.31,0.000641601,91.2766
211,328.35,6706.49,0.000715815,91.0966
212,336.496,6714.63,0.000518212,91.2627
213,338.572,6716.71,0.000805398,91.305
214,328.602,6706.74,0.000700869,91.1018
215,334.489,6712.63,0.000437773,91.2218
216,339.539,6717.68,0.000919894,91.3247
217,329.407,6707.54,0.000625755,91.1182
218,332.458,6710.59,0.000421155,91.1804
219,339.971,6718.11,0.000971131,91.3335
220,330.668,6708.8,0.000507797,91.1439
221,330.586,6708.72,0.000467124,91.1422
222,339.817,6717.95,0.00095279,91.3304
223,332.244,6710.38,0.000382256,91.176
224,329.04,6707.18,0.000531984,91.1107
225,339.081,6717.22,0.000865912,91.3154
226,333.967,6712.1,0.000319692,91.2111
227,327.952,6706.09,0.0005757,91.0885
228,337.824,6715.96,0.000718717,91.2897
229,335.654,6713.79,0.00038065,91.2455
230,327.41,6705.55,0.000576178,91.0775
231,336.159,6714.3,0.000526725,91.2558
232,337.129,6715.27,0.000509884,91.2756
233,327.448,6705.58,0.000525705,91.0783
234,334.233,6712.37,0.000316874,91.2165
235,338.239,6716.38,0.000637845,91.2982
236,328.042,6706.18,0.000429334,91.0904
237,332.219,6710.36,0.000172527,91.1755
238,338.867,6717,0.000731075,91.311
239,329.118,6707.25,0.000311435,91.1123
240,330.293,6708.43,0.000269718,91.1362
241,338.942,6717.08,0.000774889,91.3125
242,330.557,6708.69,0.000247434,91.1416
243,328.621,6706.76,0.000446365,91.1022
244,338.447,6716.58,0.000765418,91.3024
245,332.207,6710.34,0.000333073,91.1752
246,327.345,6705.48,0.000595134,91.0762
247,337.42,6715.56,0.000707609,91.2815
248,333.898,6712.04,0.00050249,91.2097
249,326.564,6704.7,0.000691243,91.0603
250,335.946,6714.08,0.000615207,91.2514
251,335.459,6713.6,0.000678064,91.2415
252,326.334,6704.47,0.000725554,91.0556
253,334.151,6712.29,0.000512243,91.2149
254,336.732,6714.87,0.000825162,91.2675
255,326.656,6704.79,0.000697449,91.0621
256,332.189,6710.33,0.000434564,91.1749
257,337.587,6715.72,0.000924371,91.2849
258,327.483,6705.62,0.000614239,91.079
259,330.227,6708.36,0.00041756,91.1349
260,337.937,6716.07,0.000964152,91.2921
261,328.722,6706.86,0.000492765,91.1042
262,328.429,6706.57,0.000459019,91.0983
263,337.74,6715.88,0.000939587,91.288
264,330.242,6708.38,0.000366886,91.1352
265,326.943,6705.08,0.000519355,91.068
266,337.003,6715.14,0.000852145,91.273
267,331.892,6710.03,0.000305884,91.1688
268,325.886,6704.02,0.000561898,91.0464
269,335.785,6713.92,0.000709523,91.2482
270,333.509,6711.65,0.000368935,91.2018
271,325.335,6703.47,0.000566045,91.0352
272,334.184,6712.32,0.000525829,91.2155
273,334.935,6713.07,0.000499459,91.2308
274,325.321,6703.46,0.000524259,91.0349
275,332.333,6710.47,0.000325351,91.1778
276,336.031,6714.17,0.000630161,91.2532
277,325.827,6703.96,0.000440391,91.0452
278,330.383,6708.52,0.000179228,91.1381
279,336.69,6714.83,0.00072947,91.2666
280,326.79,6704.93,0.00033419,91.0649
281,328.493,6706.63,0.000253954,91.0996
282,336.844,6714.98,0.000783148,91.2698
283,328.109,6706.25,0.000262638,91.0917
284,326.814,6704.95,0.000423659,91.0653
285,336.47,6714.61,0.000786461,91.2621
286,329.653,6707.79,0.000313744,91.1232
287,325.475,6703.61,0.000574555,91.0381
288,335.591,6713.73,0.000742158,91.2442
289,331.273,6709.41,0.00045983,91.1562
290,324.574,6702.71,0.000679708,91.0197
291,334.274,6712.41,0.000660161,91.2174
292,332.816,6710.95,0.000626274,91.1876
293,324.173,6702.31,0.000728741,91.0115
294,332.622,6710.76,0.000558314,91.1837
295,334.136,6712.27,0.000775201,91.2146
296,324.285,6702.42,0.000719001,91.0138
297,330.765,6708.9,0.000464193,91.1458
298,335.11,6713.25,0.000886028,91.2344
299,324.885,6703.02,0.000654463,91.0261
300,328.849,6706.99,0.000412891,91.1068
301,335.644,6713.78,0.000946099,91.2453
302,325.904,6704.04,0.000546294,91.0468
303,327.021,6705.16,0.000423742,91.0696
304,335.686,6713.82,0.000948685,91.2461
305,327.24,6705.38,0.00041635,91.074
306,325.42,6703.56,0.000474965,91.037
307,335.221,6713.36,0.000892591,91.2367
308,328.766,6706.9,0.000310566,91.1051
309,324.164,6702.3,0.000528327,91.0114
310,334.28,6712.42,0.000782003,91.2175
311,330.341,6708.48,0.000307754,91.1372
312,323.34,6701.48,0.000556862,90.9946
313,332.933,6711.07,0.000626417,91.19
314,331.822,6709.96,0.000413183,91.1674
315,322.998,6701.13,0.000547176,90.9876
316,331.279,6709.42,0.000441587,91.1563
317,333.075,6711.21,0.000550244,91.1929
318,323.148,6701.29,0.000496424,90.9907
319,329.444,6707.58,0.000258293,91.1189
320,333.988,6712.13,0.000672687,91.2115
321,323.761,6701.9,0.000412184,91.0031
322,327.565,6705.7,0.00018306,91.0806
323,334.478,6712.61,0.000759845,91.2215
324,324.77,6702.91,0.000318975,91.0237
325,325.779,6703.92,0.000305737,91.0443
326,334.494,6712.63,0.000802247,91.2219
327,326.077,6704.21,0.000276332,91.0503
328,324.215,6702.35,0.000467684,91.0124
329,334.028,6712.17,0.000797462,91.2124
330,327.564,6705.7,0.000344198,91.0806
331,322.981,6701.12,0.000603985,90.9873
332,333.108,6711.25,0.000749024,91.1936
333,329.098,6707.24,0.000483624,91.1119
334,322.159,6700.3,0.000695981,90.9705
335,331.798,6709.93,0.000666293,91.1669
336,330.546,6708.68,0.000637192,91.1414
337,321.796,6699.93,0.000735743,90.9631
338,330.19,6708.33,0.000565088,91.1341
339,331.781,6709.92,0.000774146,91.1666
340,321.902,6700.04,0.000721471,90.9653
341,328.4,6706.54,0.000469242,91.0977
342,332.699,6710.84,0.000876766,91.1853
343,322.452,6700.59,0.000656827,90.9765
344,326.555,6704.69,0.000409848,91.0601
345,333.217,6711.35,0.000933952,91.1958
346,323.387,6701.52,0.00055137,90.9955
347,324.784,6702.92,0.000408521,91.024
348,333.288,6711.42,0.000939634,91.1973
349,324.619,6702.76,0.000423232,91.0206
350,323.208,6701.35,0.000451702,90.9919
351,332.898,6711.03,0.000892397,91.1893
352,326.04,6704.18,0.000309976,91.0496
353,321.932,6700.07,0.00050499,90.9659
354,332.068,6710.2,0.000795331,91.1724
355,327.528,6705.66,0.000285146,91.0799
356,321.035,6699.17,0.000541259,90.9476
357,330.852,6708.99,0.000655965,91.1476
358,328.959,6707.1,0.000375734,91.109
359,320.568,6698.7,0.000545891,90.9381
360,329.333,6707.47,0.000486808,91.1167
361,330.215,6708.35,0.0005108,91.1346
362,320.548,6698.69,0.000513963,90.9377
363,327.614,6705.75,0.000309971,91.0816
364,331.193,6709.33,0.000639923,91.1546
365,320.961,6699.1,0.000449043,90.9461
366,325.81,6703.95,0.00018964,91.0449
367,331.811,6709.95,0.00074085,91.1672
368,321.759,6699.9,0.000365754,90.9624
369,324.041,6702.18,0.00025127,91.0089
370,332.015,6710.15,0.000802837,91.1713
371,322.868,6701.01,0.000299589,90.985
372,322.423,6700.56,0.000401878,90.9759
373,331.783,6709.92,0.000821496,91.1666
374,324.193,6702.33,0.000308736,91.012
375,321.057,6699.19,0.000545568,90.9481
376,331.123,6709.26,0.000797418,91.1531
377,325.625,6703.76,0.000405335,91.0411
378,320.025,6698.16,0.000656059,90.9271
379,330.074,6708.21,0.000735793,91.1318
380,327.048,6705.19,0.000541701,91.0701
381,319.385,6697.52,0.00072263,90.914
382,328.703,6706.84,0.00064649,91.1038
383,328.351,6706.49,0.000679788,91.0967
384,319.166,6697.3,0.000740721,90.9096
385,327.097,6705.23,0.000544767,91.0711
386,329.43,6707.57,0.00079807,91.1186
387,319.365,6697.5,0.000710374,90.9136
388,325.358,6703.49,0.000452723,91.0357
389,330.201,6708.34,0.000883165,91.1344
390,319.952,6698.09,0.000636023,90.9256
391,323.596,6701.73,0.00039808,90.9998
392,330.602,6708.74,0.000926625,91.1425
393,320.872,6699.01,0.000527051,90.9443
394,321.921,6700.06,0.000398376,90.9657
395,330.598,6708.74,0.000924037,91.1424
396,322.045,6700.18,0.000400614,90.9682
397,320.433,6698.57,0.000439822,90.9354
398,330.181,6708.32,0.000874759,91.1339
399,323.378,6701.51,0.000292758,90.9953
400,319.218,6697.36,0.000491522,90.9106
401,329.372,6707.51,0.000781795,91.1175
402,324.767,6702.9,0.000273835,91.0237
403,318.344,6696.48,0.000529358,90.8928
404,328.218,6706.35,0.000651758,91.0939
405,326.109,6704.25,0.000365026,91.051
406,317.853,6695.99,0.000540146,90.8828
407,326.788,6704.92,0.000495392,91.0648
408,327.301,6705.44,0.000498062,91.0753
409,317.761,6695.9,0.000519016,90.881
410,325.167,6703.3,0.000331154,91.0318
411,328.257,6706.39,0.00062721,91.0947
412,318.058,6696.19,0.000468031,90.887
413,323.454,6701.59,0.000206895,90.9969
414,328.904,6707.04,0.000732409,91.1079
415,318.708,6696.85,0.000397321,90.9003
416,321.747,6699.88,0.000230868,90.9621
417,329.192,6707.33,0.000803624,91.1138
418,319.655,6697.79,0.000330297,90.9195
419,320.145,6698.28,0.000362631,90.9295
420,329.095,6707.23,0.000836104,91.1118
421,320.822,6698.96,0.000309102,90.9433
422,318.738,6696.88,0.000502697,90.9009
423,328.612,6706.75,0.000829084,91.102
424,322.122,6700.26,0.000364493,90.9698
425,317.601,6695.74,0.000619371,90.8777
426,327.767,6705.9,0.00078538,91.0848
427,323.459,6701.6,0.000474011,90.997
428,316.79,6694.93,0.000700428,90.8612
429,326.606,6704.74,0.000711288,91.0611
430,324.738,6702.87,0.000600783,91.0231
431,316.341,6694.48,0.000739976,90.8521
432,325.193,6703.33,0.000616794,91.0323
433,325.868,6704.01,0.000720763,91.0461
434,316.265,6694.4,0.000736078,90.8505
435,323.608,6701.75,0.000516381,91
436,326.771,6704.91,0.000819156,91.0645
437,316.552,6694.69,0.000690239,90.8564
438,321.938,6700.08,0.000430362,90.966
439,327.383,6705.52,0.000886314,91.0769
440,317.168,6695.31,0.000607404,90.8689
441,320.275,6698.41,0.000382984,90.9322
442,327.659,6705.8,0.000916201,91.0826
443,318.061,6696.2,0.000496642,90.8871
444,318.707,6696.84,0.000387183,90.9002
445,327.575,6705.71,0.000905902,91.0809
446,319.164,6697.3,0.000374177,90.9095
447,317.316,6695.45,0.000428346,90.8719
448,327.13,6705.27,0.000855435,91.0718
449,320.397,6698.53,0.000274748,90.9346
450,316.17,6694.31,0.000479076,90.8486
451,326.343,6704.48,0.000767646,91.0558
452,321.676,6699.81,0.000264077,90.9607
453,315.324,6693.46,0.000518575,90.8314
454,325.255,6703.39,0.000648209,91.0336
455,322.913,6701.05,0.000355204,90.9859
456,314.811,6692.95,0.000535356,90.8209
457,323.921,6702.06,0.000506085,91.0064
458,324.029,6702.17,0.000484389,91.0086
459,314.645,6692.78,0.000524803,90.8176
460,322.411,6700.55,0.00035614,90.9757
461,324.948,6703.08,0.000611606,91.0273
462,314.822,6692.96,0.000487738,90.8211
463,320.802,6698.94,0.000232419,90.9429
464,325.61,6703.75,0.000719282,91.0408
465,315.315,6693.45,0.000430663,90.8312
466,319.176,6697.31,0.000217227,90.9098
467,325.971,6704.11,0.000798338,91.0482
468,316.083,6694.22,0.000368147,90.8468
469,317.614,6695.75,0.000319681,90.878
470,326.004,6704.14,0.000843978,91.0488
471,317.068,6695.2,0.000326969,90.8669
472,316.19,6694.33,0.000450161,90.849
473,325.7,6703.84,0.000854499,91.0426
474,318.202,6696.34,0.000339263,90.89
475,314.97,6693.11,0.00056901,90.8242
476,325.07,6703.21,0.000830903,91.0298
477,319.412,6697.55,0.000410179,90.9146
478,314.008,6692.14,0.000661738,90.8046
479,324.142,6702.28,0.000776729,91.0109
480,320.619,6698.76,0.000514595,90.9392
481,313.341,6691.48,0.000721254,90.791
482,322.749,6700.89,0.000680957,90.9825
483,321.986,6700.12,0.000648068,90.967
484,312.997,6691.13,0.000744229,90.784
485,321.338,6699.47,0.000584777,90.9538
486,322.936,6701.07,0.000749341,90.9863
487,313.027,6691.16,0.000722798,90.7846
488,319.807,6697.94,0.000487963,90.9226
489,323.668,6701.8,0.000829525,91.0013
490,313.36,6691.5,0.000666402,90.7914
491,318.228,6696.37,0.000408469,90.8905
492,324.137,6702.27,0.000881854,91.0108
493,313.964,6692.1,0.000579917,90.8037
494,316.674,6694.81,0.000366934,90.8589
495,324.312,6702.45,0.000902169,91.0144
496,314.795,6692.93,0.000471526,90.8206
497,315.214,6693.35,0.000373042,90.8291
498,324.178,6702.31,0.000888613,91.0116
499,315.797,6693.93,0.000355593,90.841
500,313.911,6692.05,0.000413087,90.8026
501,323.736,6701.87,0.000841498,91.0027
502,316.908,6695.04,0.000262885,90.8636
503,312.817,6690.95,0.000463344,90.7803
504,323.004,6701.14,0.000763216,90.9877
505,318.059,6696.2,0.000251386,90.887
506,311.976,6690.11,0.000505838,90.7632
507,322.012,6700.15,0.000658246,90.9675
508,319.183,6697.32,0.000334321,90.9099
509,311.413,6689.55,0.000530367,90.7518
510,320.803,6698.94,0.000533461,90.9429
511,320.217,6698.35,0.000455893,90.931
512,311.144,6689.28,0.000532315,90.7463
513,319.429,6697.57,0.000399619,90.9149
514,321.1,6699.24,0.000579624,90.949
515,311.166,6689.3,0.000511195,90.7467
516,317.95,6696.09,0.000277659,90.8848
517,321.784,6699.92,0.000689461,90.9629
518,311.466,6689.6,0.000470313,90.7528
519,316.428,6694.56,0.000217527,90.8538
520,322.229,6700.37,0.000777017,90.9719
521,312.013,6690.15,0.000417498,90.764
522,314.926,6693.06,0.000267301,90.8233
523,322.407,6700.54,0.000837476,90.9756
524,312.771,6690.91,0.000367027,90.7794
525,313.504,6691.64,0.000375919,90.7943
526,322.305,6700.44,0.000868399,90.9735
527,313.69,6691.83,0.000340778,90.7981
528,312.218,6690.35,0.000491219,90.7681
529,321.923,6700.06,0.000869323,90.9657
530,314.716,6692.85,0.00035916,90.819
531,311.114,6689.25,0.000592762,90.7457
532,321.272,6699.41,0.000841584,90.9525
533,315.793,6693.93,0.000422107,90.8409
534,310.231,6688.37,0.000671369,90.7277
535,320.378,6698.52,0.000788217,90.9343
536,316.86,6695,0.000511667,90.8626
537,309.594,6687.73,0.000722126,90.7148
538,319.275,6697.41,0.000713925,90.9118
539,317.862,6696,0.000609443,90.883
540,309.219,6687.36,0.00074257,90.7071
541,318.005,6696.14,0.000625198,90.886
542,318.747,6696.88,0.00070236,90.901
543,309.109,6687.25,0.000732145,90.7049
544,316.619,6694.76,0.000530736,90.8577
545,319.468,6697.6,0.00078153,90.9157
546,309.254,6687.39,0.000692019,90.7078
547,315.168,6693.31,0.00044236,90.8282
548,319.987,6698.12,0.000840839,90.9263
549,309.636,6687.77,0.000625042,90.7156
550,313.708,6691.84,0.000375817,90.7985
551,320.278,6698.42,0.000876217,90.9322
552,310.226,6688.36,0.000535937,90.7276
553,312.29,6690.43,0.000347293,90.7696
554,320.323,6698.46,0.000885299,90.9331
555,310.986,6689.12,0.000432115,90.7431
556,310.964,6689.1,0.000360815,90.7426
557,320.115,6698.25,0.000867268,90.9289
558,311.873,6690.01,0.000326619,90.7611
559,309.776,6687.91,0.000402081,90.7184
560,319.658,6697.8,0.000822756,90.9196
561,312.841,6690.98,0.000247373,90.7808
562,308.761,6686.9,0.000451643,90.6978
563,318.968,6697.1,0.000753783,90.9055
564,313.839,6691.98,0.000242599,90.8011
565,307.949,6686.09,0.000495467,90.6813
566,318.066,6696.2,0.000663763,90.8872
567,314.819,6692.96,0.000318775,90.8211
568,307.361,6685.5,0.000525478,90.6693
569,316.984,6695.12,0.000557702,90.8651
570,315.734,6693.87,0.000429815,90.8397
571,307.006,6685.14,0.000537707,90.6621
572,315.759,6693.9,0.000442969,90.8402
573,316.541,6694.68,0.000545647,90.8561
574,306.886,6685.02,0.000531064,90.6597
575,314.433,6692.57,0.000331988,90.8132
576,317.201,6695.34,0.000652745,90.8696
577,306.993,6685.13,0.000506847,90.6618
578,313.05,6691.19,0.000250122,90.7851
579,317.685,6695.82,0.000743961,90.8794
580,307.31,6685.45,0.000468777,90.6683
581,311.656,6689.79,0.000239,90.7567
582,317.969,6696.11,0.000814978,90.8852
583,307.813,6685.95,0.000423542,90.6785
584,310.293,6688.43,0.00030297,90.729
585,318.038,6696.17,0.000863214,90.8866
586,308.472,6686.61,0.000381742,90.6919
587,309.004,6687.14,0.000398823,90.7027
588,317.884,6696.02,0.000887435,90.8835
589,309.252,6687.39,0.000357911,90.7078
590,307.825,6685.96,0.000497301,90.6788
591,317.511,6695.65,0.000887585,90.8759
592,310.114,6688.25,0.0003656,90.7253
593,306.789,6684.93,0.000585326,90.6577
594,316.926,6695.06,0.000864688,90.864
595,311.018,6689.16,0.000407684,90.7437
596,305.922,6684.06,0.000656301,90.64
597,316.148,6694.29,0.000820773,90.8481
598,311.924,6690.06,0.000474891,90.7622
599,305.242,6683.38,0.000706479,90.6262
600,315.2,6693.34,0.000758835,90.8288
601,312.792,6690.93,0.000554421,90.7798
602,304.761,6682.9,0.000733792,90.6164
603,314.108,6692.25,0.000682832,90.8066
604,313.585,6691.72,0.000635706,90.796
605,304.484,6682.62,0.000737431,90.6108
606,312.907,6691.04,0.000597812,90.7822
607,314.271,6692.41,0.000711109,90.8099
608,304.409,6682.55,0.000717667,90.6093
609,311.63,6689.77,0.000510253,90.7562
610,314.822,6692.96,0.000775211,90.8211
611,304.526,6682.66,0.000675767,90.6117
612,310.314,6688.45,0.000428745,90.7294
613,315.213,6693.35,0.000824184,90.8291
614,304.819,6682.96,0.000613983,90.6176
615,308.994,6687.13,0.000364711,90.7026
616,315.43,6693.57,0.000855441,90.8335
617,305.269,6683.41,0.000535657,90.6268
618,307.706,6685.84,0.000330853,90.6764
619,315.46,6693.6,0.000867439,90.8341
620,305.85,6683.99,0.000445653,90.6386
621,306.483,6684.62,0.000333413,90.6515
622,315.3,6693.44,0.000859567,90.8309
623,306.534,6684.67,0.00035172,90.6525
624,305.353,6683.49,0.000364945,90.6285
625,314.951,6693.09,0.00083207,90.8238
626,307.291,6685.43,0.000268602,90.6679
627,304.342,6682.48,0.000410606,90.6079
628,314.422,6692.56,0.000785998,90.813
629,308.088,6686.23,0.000225752,90.6841
630,303.471,6681.61,0.000457795,90.5902
631,313.724,6691.86,0.000723174,90.7988
632,308.895,6687.03,0.000252235,90.7005
633,302.755,6680.89,0.000498502,90.5756
634,312.877,6691.01,0.000646212,90.7816
635,309.68,6687.82,0.000331311,90.7165
636,302.205,6680.34,0.000528167,90.5645
637,311.9,6690.04,0.000558655,90.7617
638,310.413,6688.55,0.000430617,90.7314
639,301.826,6679.96,0.000544479,90.5568
640,310.818,6688.95,0.000465396,90.7397
641,311.069,6689.21,0.000532563,90.7448
642,301.618,6679.76,0.000546701,90.5525
643,309.657,6687.79,0.000373817,90.716
644,311.623,6689.76,0.000628659,90.756
645,301.576,6679.71,0.000535347,90.5517
646,308.445,6686.58,0.000296492,90.6914
647,312.057,6690.19,0.000714125,90.7649
648,301.69,6679.83,0.000512083,90.554
649,307.209,6685.35,0.000254258,90.6662
650,312.354,6690.49,0.00078593,90.7709
651,301.947,6680.08,0.000479788,90.5592
652,305.978,6684.11,0.000265446,90.6412
653,312.503,6690.64,0.000842103,90.774
654,302.33,6680.47,0.000442772,90.567
655,304.776,6682.91,0.000320824,90.6167
656,312.498,6690.64,0.000881456,90.7739
657,302.819,6680.96,0.000407079,90.5769
658,303.628,6681.76,0.00039637,90.5934
659,312.336,6690.47,0.000903462,90.7706
660,303.393,6681.53,0.000380485,90.5886
661,302.555,6680.69,0.000475594,90.5716
662,312.019,6690.16,0.000908171,90.7641
663,304.029,6682.17,0.00037117,90.6016
664,301.577,6679.71,0.00054978,90.5517
665,311.552,6689.69,0.000896165,90.7546
666,304.704,6682.84,0.000384376,90.6153
667,300.708,6678.85,0.000614124,90.534
668,310.945,6689.08,0.000868504,90.7422
669,305.392,6683.53,0.000419413,90.6293
670,299.962,6678.1,0.00066576,90.5188
671,310.21,6688.35,0.000826687,90.7273
672,306.072,6684.21,0.000470682,90.6431
673,299.346,6677.48,0.000702949,90.5063
674,309.361,6687.5,0.000772623,90.71
675,306.722,6684.86,0.000531153,90.6563
676,298.865,6677,0.00072473,90.4965
677,308.417,6686.55,0.000708616,90.6908
678,307.321,6685.46,0.000594656,90.6685
679,298.52,6676.66,0.000730746,90.4895
680,307.396,6685.53,0.000637395,90.67
681,307.851,6685.99,0.000656419,90.6793
682,298.311,6676.45,0.00072116,90.4853
683,306.316,6684.45,0.000562202,90.6481
684,308.298,6686.43,0.000712898,90.6884
685,298.232,6676.37,0.000696592,90.4837
686,305.197,6683.33,0.000486999,90.6253
687,308.646,6686.78,0.000761491,90.6955
688,298.275,6676.41,0.000658086,90.4846
689,304.06,6682.2,0.000416839,90.6022
690,308.887,6687.02,0.000800325,90.7004
691,298.431,6676.57,0.000607102,90.4877
692,302.924,6681.06,0.000358297,90.5791
693,309.013,6687.15,0.000828115,90.7029
694,298.687,6676.82,0.00054555,90.4929
695,301.807,6679.94,0.000319205,90.5564
696,309.019,6687.16,0.000844071,90.7031
697,299.029,6677.17,0.000475911,90.4999
698,300.725,6678.86,0.000305903,90.5344
699,308.903,6687.04,0.000847834,90.7007
700,299.444,6677.58,0.00040159,90.5083
701,299.694,6677.83,0.000318368,90.5134
702,308.667,6686.8,0.000839428,90.6959
703,299.915,6678.05,0.000327777,90.5179
704,298.727,6676.86,0.000349464,90.4937
705,308.312,6686.45,0.000819224,90.6887
706,300.425,6678.56,0.000263492,90.5283
707,297.837,6675.97,0.000389995,90.4756
708,307.845,6685.98,0.000787905,90.6792
709,300.96,6679.1,0.000224498,90.5391
710,297.031,6675.17,0.000432665,90.4593
711,307.274,6685.41,0.000746447,90.6675
712,301.504,6679.64,0.000228166,90.5502
713,296.317,6674.45,0.000472682,90.4448
714,306.606,6684.74,0.000696105,90.654
715,302.041,6680.18,0.000273201,90.5611
716,295.7,6673.84,0.000507111,90.4322
717,305.852,6683.99,0.000638421,90.6386
718,302.556,6680.69,0.000341996,90.5716
719,295.183,6673.32,0.000534231,90.4217
720,305.024,6683.16,0.000575262,90.6218
