time_min,distance_m,rel_vel_ms,r_bar_m,v_bar_m,h_bar_m
0.00,72169.1,81.8021,-562.1,71976.0,-5246.1
0.17,72170.3,81.8074,-561.9,71982.8,-5168.4
0.33,72171.5,81.8125,-561.6,71989.6,-5090.1
0.50,72172.7,81.8176,-561.3,71996.3,-5011.2
0.67,72173.9,81.8226,-560.8,72003.0,-4931.5
0.83,72175.1,81.8275,-560.3,72009.7,-4851.3
1.00,72176.4,81.8323,-559.7,72016.4,-4770.4
1.17,72177.6,81.8370,-559.0,72023.0,-4689.0
1.33,72178.8,81.8416,-558.2,72029.5,-4606.9
1.50,72180.1,81.8461,-557.3,72036.0,-4524.2
1.67,72181.4,81.8504,-556.3,72042.5,-4441.0
1.83,72182.6,81.8547,-555.3,72048.9,-4357.1
2.00,72183.9,81.8588,-554.1,72055.2,-4272.7
2.17,72185.2,81.8627,-552.9,72061.5,-4187.8
2.33,72186.6,81.8666,-551.6,72067.8,-4102.3
2.50,72187.9,81.8703,-550.1,72074.0,-4016.4
2.67,72189.2,81.8739,-548.7,72080.1,-3929.8
2.83,72190.6,81.8773,-547.1,72086.2,-3842.8
3.00,72192.0,81.8805,-545.4,72092.2,-3755.3
3.17,72193.4,81.8837,-543.6,72098.1,-3667.3
3.33,72194.8,81.8866,-541.8,72104.0,-3578.9
3.50,72196.2,81.8894,-539.9,72109.8,-3489.9
3.67,72197.6,81.8921,-537.8,72115.5,-3400.6
3.83,72199.1,81.8946,-535.7,72121.2,-3310.8
4.00,72200.6,81.8969,-533.5,72126.7,-3220.5
4.17,72202.1,81.8990,-531.2,72132.2,-3129.9
4.33,72203.6,81.9010,-528.9,72137.7,-3038.9
4.50,72205.1,81.9028,-526.4,72143.0,-2947.4
4.67,72206.7,81.9044,-523.9,72148.3,-2855.6
4.83,72208.3,81.9059,-521.2,72153.5,-2763.4
5.00,72209.9,81.9071,-518.5,72158.6,-2670.9
5.17,72211.5,81.9082,-515.7,72163.6,-2578.0
5.33,72213.1,81.9091,-512.8,72168.5,-2484.8
5.50,72214.8,81.9098,-509.9,72173.4,-2391.3
5.67,72216.4,81.9103,-506.8,72178.1,-2297.4
5.83,72218.1,81.9106,-503.7,72182.8,-2203.3
6.00,72219.8,81.9107,-500.4,72187.3,-2108.9
6.17,72221.6,81.9106,-497.1,72191.8,-2014.2
6.33,72223.3,81.9103,-493.7,72196.1,-1919.3
6.50,72225.1,81.9098,-490.3,72200.4,-1824.1
6.67,72226.9,81.9091,-486.7,72204.6,-1728.7
6.83,72228.7,81.9082,-483.0,72208.6,-1633.0
7.00,72230.5,81.9070,-479.3,72212.6,-1537.2
7.17,72232.4,81.9057,-475.5,72216.5,-1441.1
7.33,72234.3,81.9042,-471.6,72220.2,-1344.9
7.50,72236.1,81.9024,-467.6,72223.8,-1248.5
7.67,72238.0,81.9005,-463.6,72227.4,-1151.9
7.83,72240.0,81.8983,-459.4,72230.8,-1055.2
8.00,72241.9,81.8959,-455.2,72234.1,-958.3
8.17,72243.8,81.8933,-450.9,72237.3,-861.4
8.33,72245.8,81.8905,-446.5,72240.4,-764.3
8.50,72247.8,81.8874,-442.1,72243.3,-667.1
8.67,72249.8,81.8841,-437.5,72246.2,-569.8
8.83,72251.7,81.8807,-432.9,72248.9,-472.5
9.00,72253.8,81.8770,-428.2,72251.5,-375.1
9.17,72255.8,81.8730,-423.4,72254.0,-277.6
9.33,72257.8,81.8689,-418.6,72256.4,-180.2
9.50,72259.8,81.8645,-413.7,72258.6,-82.6
9.67,72261.9,81.8600,-408.7,72260.7,14.9
9.83,72263.9,81.8552,-403.6,72262.7,112.4
10.00,72265.9,81.8501,-398.5,72264.5,209.9
10.17,72268.0,81.8449,-393.2,72266.3,307.4
10.33,72270.0,81.8394,-387.9,72267.9,404.8
10.50,72272.1,81.8337,-382.6,72269.3,502.2
10.67,72274.1,81.8278,-377.1,72270.7,599.5
10.83,72276.2,81.8217,-371.6,72271.9,696.8
11.00,72278.2,81.8154,-366.0,72272.9,793.9
11.17,72280.3,81.8088,-360.4,72273.9,891.0
11.33,72282.3,81.8020,-354.7,72274.7,987.9
11.50,72284.3,81.7950,-348.9,72275.3,1084.7
11.67,72286.3,81.7878,-343.0,72275.8,1181.4
11.83,72288.3,81.7804,-337.1,72276.2,1277.9
12.00,72290.3,81.7728,-331.1,72276.4,1374.3
12.17,72292.2,81.7649,-325.0,72276.5,1470.5
12.33,72294.2,81.7569,-318.9,72276.5,1566.5
12.50,72296.1,81.7486,-312.7,72276.3,1662.2
12.67,72298.0,81.7401,-306.5,72276.0,1757.8
12.83,72299.9,81.7315,-300.2,72275.5,1853.2
13.00,72301.7,81.7226,-293.8,72274.9,1948.3
13.17,72303.5,81.7135,-287.3,72274.1,2043.2
13.33,72305.3,81.7042,-280.8,72273.2,2137.8
13.50,72307.1,81.6947,-274.3,72272.1,2232.1
13.67,72308.8,81.6850,-267.7,72270.9,2326.1
13.83,72310.5,81.6751,-261.0,72269.5,2419.9
14.00,72312.1,81.6651,-254.3,72268.0,2513.3
14.17,72313.7,81.6548,-247.5,72266.3,2606.5
14.33,72315.3,81.6443,-240.7,72264.5,2699.2
14.50,72316.8,81.6337,-233.8,72262.5,2791.7
14.67,72318.2,81.6229,-226.8,72260.4,2883.7
14.83,72319.7,81.6118,-219.8,72258.1,2975.5
15.00,72321.0,81.6007,-212.8,72255.6,3066.8
15.17,72322.3,81.5893,-205.7,72253.0,3157.7
15.33,72323.5,81.5777,-198.5,72250.3,3248.2
15.50,72324.7,81.5660,-191.3,72247.4,3338.4
15.67,72325.8,81.5541,-184.1,72244.3,3428.0
15.83,72326.9,81.5421,-176.8,72241.1,3517.3
16.00,72327.8,81.5298,-169.4,72237.7,3606.1
16.17,72328.7,81.5174,-162.0,72234.2,3694.4
16.33,72329.6,81.5049,-154.6,72230.4,3782.3
16.50,72330.3,81.4922,-147.2,72226.6,3869.7
16.67,72331.0,81.4793,-139.6,72222.6,3956.5
16.83,72331.6,81.4663,-132.1,72218.4,4042.9
17.00,72332.1,81.4532,-124.5,72214.0,4128.8
17.17,72332.5,81.4399,-116.9,72209.5,4214.1
17.33,72332.8,81.4264,-109.2,72204.8,4298.9
17.50,72333.0,81.4128,-101.5,72200.0,4383.1
17.67,72333.1,81.3991,-93.8,72195.0,4466.8
17.83,72333.1,81.3853,-86.0,72189.8,4549.9
18.00,72333.0,81.3713,-78.2,72184.5,4632.4
18.17,72332.9,81.3572,-70.4,72179.0,4714.3
18.33,72332.6,81.3430,-62.5,72173.4,4795.7
18.50,72332.1,81.3286,-54.6,72167.6,4876.4
18.67,72331.6,81.3141,-46.7,72161.6,4956.5
18.83,72331.0,81.2996,-38.7,72155.4,5035.9
19.00,72330.2,81.2849,-30.7,72149.1,5114.7
19.17,72329.3,81.2701,-22.7,72142.6,5192.9
19.33,72328.3,81.2552,-14.7,72136.0,5270.3
19.50,72327.1,81.2402,-6.7,72129.2,5347.1
19.67,72325.8,81.2251,1.4,72122.2,5423.3
19.83,72324.4,81.2099,9.5,72115.1,5498.7
20.00,72322.8,81.1947,17.6,72107.8,5573.4
20.17,72321.1,81.1793,25.7,72100.3,5647.4
20.33,72319.3,81.1639,33.9,72092.6,5720.7
20.50,72317.3,81.1483,42.1,72084.8,5793.3
20.67,72315.1,81.1328,50.2,72076.9,5865.1
20.83,72312.8,81.1171,58.4,72068.7,5936.1
21.00,72310.3,81.1014,66.6,72060.4,6006.4
21.17,72307.7,81.0856,74.8,72051.9,6076.0
21.33,72304.9,81.0697,83.1,72043.3,6144.7
21.50,72302.0,81.0538,91.3,72034.5,6212.7
21.67,72298.8,81.0378,99.5,72025.5,6279.9
21.83,72295.5,81.0218,107.8,72016.4,6346.2
22.00,72292.1,81.0058,116.0,72007.1,6411.8
22.17,72288.4,80.9896,124.3,71997.6,6476.5
22.33,72284.6,80.9735,132.6,71988.0,6540.4
22.50,72280.6,80.9573,140.8,71978.2,6603.5
22.67,72276.4,80.9411,149.1,71968.2,6665.7
22.83,72272.0,80.9248,157.3,71958.1,6727.0
23.00,72267.4,80.9086,165.6,71947.8,6787.5
23.17,72262.6,80.8923,173.9,71937.3,6847.2
23.33,72257.7,80.8759,182.1,71926.7,6905.9
23.50,72252.5,80.8596,190.3,71915.9,6963.8
23.67,72247.1,80.8433,198.6,71904.9,7020.7
23.83,72241.6,80.8269,206.8,71893.8,7076.8
24.00,72235.8,80.8105,215.0,71882.5,7132.0
24.17,72229.8,80.7942,223.2,71871.1,7186.2
24.33,72223.6,80.7778,231.4,71859.5,7239.6
24.50,72217.2,80.7614,239.6,71847.7,7292.0
24.67,72210.5,80.7451,247.8,71835.7,7343.4
24.83,72203.7,80.7287,256.0,71823.6,7394.0
25.00,72196.6,80.7124,264.1,71811.4,7443.6
25.17,72189.3,80.6960,272.2,71799.0,7492.2
25.33,72181.8,80.6797,280.3,71786.4,7539.8
25.50,72174.1,80.6634,288.4,71773.6,7586.5
25.67,72166.1,80.6472,296.5,71760.7,7632.3
25.83,72157.9,80.6309,304.5,71747.7,7677.0
26.00,72149.4,80.6147,312.5,71734.5,7720.8
26.17,72140.8,80.5985,320.5,71721.1,7763.6
26.33,72131.9,80.5823,328.5,71707.6,7805.3
26.50,72122.7,80.5662,336.4,71693.9,7846.1
26.67,72113.3,80.5502,344.3,71680.0,7885.9
26.83,72103.7,80.5341,352.2,71666.0,7924.7
27.00,72093.8,80.5181,360.1,71651.9,7962.4
27.17,72083.7,80.5022,367.9,71637.5,7999.1
27.33,72073.3,80.4863,375.7,71623.1,8034.8
27.50,72062.7,80.4704,383.4,71608.4,8069.5
27.67,72051.8,80.4546,391.1,71593.7,8103.1
27.83,72040.7,80.4389,398.8,71578.7,8135.7
28.00,72029.4,80.4232,406.4,71563.7,8167.3
28.17,72017.7,80.4075,414.1,71548.4,8197.8
28.33,72005.9,80.3920,421.6,71533.1,8227.2
28.50,71993.7,80.3765,429.1,71517.5,8255.6
28.67,71981.3,80.3610,436.6,71501.8,8282.9
28.83,71968.7,80.3456,444.1,71486.0,8309.2
29.00,71955.8,80.3303,451.5,71470.1,8334.4
29.17,71942.6,80.3151,458.8,71453.9,8358.6
29.33,71929.2,80.2999,466.1,71437.7,8381.6
29.50,71915.5,80.2848,473.4,71421.3,8403.6
29.67,71901.6,80.2697,480.6,71404.7,8424.5
29.83,71887.4,80.2548,487.8,71388.0,8444.3
30.00,71872.9,80.2399,494.9,71371.2,8463.1
30.17,71858.2,80.2251,501.9,71354.2,8480.8
30.33,71843.2,80.2104,508.9,71337.1,8497.3
30.50,71827.9,80.1957,515.9,71319.8,8512.8
30.67,71812.4,80.1811,522.8,71302.4,8527.2
30.83,71796.6,80.1666,529.6,71284.9,8540.5
31.00,71780.6,80.1522,536.4,71267.2,8552.7
31.17,71764.3,80.1379,543.2,71249.4,8563.8
31.33,71747.7,80.1236,549.8,71231.5,8573.8
31.50,71730.9,80.1095,556.5,71213.4,8582.7
31.67,71713.8,80.0954,563.0,71195.2,8590.5
31.83,71696.5,80.0814,569.5,71176.9,8597.2
32.00,71678.8,80.0675,575.9,71158.4,8602.7
32.17,71661.0,80.0536,582.3,71139.8,8607.2
32.33,71642.8,80.0399,588.6,71121.1,8610.6
32.50,71624.5,80.0262,594.9,71102.2,8612.9
32.67,71605.8,80.0126,601.1,71083.3,8614.0
32.83,71586.9,79.9991,607.2,71064.2,8614.1
33.00,71567.7,79.9857,613.2,71044.9,8613.0
33.17,71548.3,79.9724,619.2,71025.6,8610.9
33.33,71528.7,79.9591,625.1,71006.1,8607.6
33.50,71508.7,79.9460,631.0,70986.5,8603.3
33.67,71488.6,79.9329,636.7,70966.8,8597.8
33.83,71468.2,79.9199,642.4,70947.0,8591.2
34.00,71447.5,79.9070,648.1,70927.1,8583.5
34.17,71426.6,79.8942,653.6,70907.0,8574.7
34.33,71405.4,79.8814,659.1,70886.8,8564.8
34.50,71384.0,79.8687,664.5,70866.5,8553.9
34.67,71362.4,79.8561,669.9,70846.2,8541.8
34.83,71340.5,79.8436,675.1,70825.6,8528.6
35.00,71318.4,79.8312,680.3,70805.0,8514.3
35.17,71296.0,79.8188,685.4,70784.3,8498.9
35.33,71273.4,79.8065,690.5,70763.5,8482.4
35.50,71250.6,79.7943,695.4,70742.6,8464.9
35.67,71227.6,79.7821,700.3,70721.5,8446.2
35.83,71204.3,79.7701,705.1,70700.4,8426.5
36.00,71180.8,79.7581,709.9,70679.2,8405.7
36.17,71157.1,79.7461,714.5,70657.8,8383.8
36.33,71133.1,79.7343,719.1,70636.4,8360.8
36.50,71109.0,79.7225,723.5,70614.9,8336.7
36.67,71084.6,79.7107,727.9,70593.3,8311.6
36.83,71060.0,79.6990,732.3,70571.5,8285.4
37.00,71035.2,79.6874,736.5,70549.7,8258.1
37.17,71010.3,79.6759,740.6,70527.8,8229.8
37.33,70985.1,79.6644,744.7,70505.9,8200.4
37.50,70959.7,79.6529,748.7,70483.8,8170.0
37.67,70934.1,79.6415,752.6,70461.6,8138.5
37.83,70908.3,79.6302,756.4,70439.4,8106.0
38.00,70882.3,79.6189,760.2,70417.1,8072.4
38.17,70856.2,79.6076,763.8,70394.7,8037.8
38.33,70829.9,79.5964,767.4,70372.2,8002.1
38.50,70803.3,79.5853,770.8,70349.6,7965.4
38.67,70776.7,79.5742,774.2,70327.0,7927.7
38.83,70749.8,79.5631,777.5,70304.3,7889.0
39.00,70722.8,79.5520,780.7,70281.5,7849.2
39.17,70695.6,79.5410,783.8,70258.7,7808.5
39.33,70668.2,79.5300,786.9,70235.7,7766.7
39.50,70640.7,79.5191,789.8,70212.7,7724.0
39.67,70613.1,79.5082,792.7,70189.7,7680.2
39.83,70585.3,79.4973,795.4,70166.6,7635.5
40.00,70557.3,79.4864,798.1,70143.4,7589.7
40.17,70529.2,79.4755,800.7,70120.1,7543.0
40.33,70501.0,79.4647,803.2,70096.8,7495.3
40.50,70472.7,79.4539,805.6,70073.5,7446.7
40.67,70444.2,79.4431,807.9,70050.1,7397.1
40.83,70415.6,79.4323,810.2,70026.6,7346.5
41.00,70386.8,79.4215,812.3,70003.1,7295.0
41.17,70358.0,79.4107,814.3,69979.5,7242.6
41.33,70329.1,79.3999,816.3,69955.9,7189.2
41.50,70300.0,79.3891,818.2,69932.2,7134.9
41.67,70270.9,79.3783,819.9,69908.5,7079.7
41.83,70241.6,79.3675,821.6,69884.8,7023.6
42.00,70212.3,79.3567,823.2,69861.0,6966.5
42.17,70182.9,79.3458,824.7,69837.1,6908.6
42.33,70153.3,79.3350,826.1,69813.3,6849.8
42.50,70123.8,79.3241,827.4,69789.3,6790.1
42.67,70094.1,79.3132,828.7,69765.4,6729.5
42.83,70064.4,79.3023,829.8,69741.4,6668.1
43.00,70034.6,79.2914,830.8,69717.4,6605.8
43.17,70004.8,79.2805,831.8,69693.4,6542.6
43.33,69974.9,79.2695,832.6,69669.3,6478.6
43.50,69944.9,79.2584,833.4,69645.2,6413.8
43.67,69914.9,79.2474,834.1,69621.1,6348.1
43.83,69884.9,79.2363,834.7,69597.0,6281.6
44.00,69854.8,79.2252,835.2,69572.9,6214.3
44.17,69824.8,79.2140,835.6,69548.7,6146.2
44.33,69794.7,79.2027,835.9,69524.5,6077.4
44.50,69764.5,79.1915,836.1,69500.3,6007.7
44.67,69734.4,79.1801,836.2,69476.1,5937.3
44.83,69704.2,79.1687,836.3,69451.9,5866.1
45.00,69674.1,79.1573,836.2,69427.7,5794.1
45.17,69643.9,79.1458,836.1,69403.5,5721.4
45.33,69613.8,79.1342,835.8,69379.3,5647.9
45.50,69583.7,79.1226,835.5,69355.0,5573.8
45.67,69553.6,79.1109,835.1,69330.8,5498.9
45.83,69523.5,79.0991,834.6,69306.6,5423.3
46.00,69493.4,79.0873,834.0,69282.4,5347.0
46.17,69463.4,79.0754,833.3,69258.2,5270.0
46.33,69433.4,79.0634,832.5,69234.0,5192.3
46.50,69403.4,79.0513,831.7,69209.8,5114.0
46.67,69373.5,79.0392,830.7,69185.6,5035.0
46.83,69343.7,79.0270,829.7,69161.4,4955.4
47.00,69313.9,79.0146,828.6,69137.3,4875.1
47.17,69284.2,79.0022,827.3,69113.2,4794.2
47.33,69254.5,78.9897,826.0,69089.1,4712.6
47.50,69224.9,78.9772,824.6,69065.0,4630.5
47.67,69195.4,78.9645,823.2,69040.9,4547.8
47.83,69166.0,78.9517,821.6,69016.9,4464.4
48.00,69136.7,78.9388,820.0,68992.9,4380.6
48.17,69107.4,78.9259,818.2,68968.9,4296.1
48.33,69078.3,78.9128,816.4,68945.0,4211.1
48.50,69049.2,78.8996,814.5,68921.1,4125.5
48.67,69020.3,78.8863,812.5,68897.2,4039.4
48.83,68991.5,78.8730,810.4,68873.4,3952.8
49.00,68962.7,78.8595,808.3,68849.6,3865.7
49.17,68934.2,78.8459,806.1,68825.8,3778.1
49.33,68905.7,78.8322,803.7,68802.1,3690.0
49.50,68877.4,78.8183,801.3,68778.5,3601.4
49.67,68849.2,78.8044,798.8,68754.9,3512.4
49.83,68821.1,78.7904,796.3,68731.3,3422.9
50.00,68793.2,78.7762,793.6,68707.8,3333.0
50.17,68765.4,78.7619,790.9,68684.4,3242.6
50.33,68737.8,78.7476,788.1,68661.0,3151.8
50.50,68710.3,78.7330,785.2,68637.6,3060.6
50.67,68683.0,78.7184,782.2,68614.4,2969.0
50.83,68655.9,78.7037,779.2,68591.1,2877.1
51.00,68628.9,78.6888,776.1,68568.0,2784.7
51.17,68602.1,78.6738,772.9,68544.9,2692.0
51.33,68575.5,78.6587,769.6,68521.9,2599.0
51.50,68549.1,78.6435,766.2,68499.0,2505.6
51.67,68522.8,78.6281,762.8,68476.1,2411.9
51.83,68496.8,78.6127,759.3,68453.3,2317.9
52.00,68470.9,78.5971,755.7,68430.6,2223.6
52.17,68445.2,78.5813,752.1,68408.0,2129.0
52.33,68419.7,78.5655,748.3,68385.4,2034.1
52.50,68394.5,78.5495,744.5,68362.9,1939.0
52.67,68369.4,78.5334,740.7,68340.5,1843.6
52.83,68344.6,78.5172,736.7,68318.2,1748.0
53.00,68319.9,78.5009,732.7,68296.0,1652.1
53.17,68295.5,78.4844,728.6,68273.9,1556.1
53.33,68271.3,78.4679,724.5,68251.9,1459.8
53.50,68247.3,78.4512,720.2,68229.9,1363.4
53.67,68223.6,78.4343,716.0,68208.1,1266.8
53.83,68200.1,78.4174,711.6,68186.3,1170.0
54.00,68176.8,78.4003,707.2,68164.7,1073.0
54.17,68153.7,78.3832,702.7,68143.1,976.0
54.33,68130.9,78.3659,698.1,68121.7,878.8
54.50,68108.3,78.3484,693.5,68100.3,781.5
54.67,68086.0,78.3309,688.8,68079.1,684.0
54.83,68063.9,78.3133,684.0,68057.9,586.5
55.00,68042.1,78.2955,679.2,68036.9,489.0
55.17,68020.5,78.2776,674.4,68016.0,391.3
55.33,67999.1,78.2596,669.4,67995.2,293.6
55.50,67978.0,78.2415,664.4,67974.5,195.9
55.67,67957.2,78.2233,659.3,67954.0,98.1
55.83,67936.7,78.2050,654.2,67933.5,0.4
56.00,67916.3,78.1866,649.0,67913.2,-97.4
56.17,67896.3,78.1681,643.8,67893.0,-195.1
56.33,67876.5,78.1495,638.5,67872.9,-292.9
56.50,67857.0,78.1307,633.2,67852.9,-390.6
56.67,67837.7,78.1119,627.7,67833.1,-488.2
56.83,67818.8,78.0930,622.3,67813.4,-585.8
57.00,67800.1,78.0740,616.8,67793.8,-683.3
57.17,67781.6,78.0549,611.2,67774.4,-780.7
57.33,67763.4,78.0357,605.6,67755.0,-878.0
57.50,67745.5,78.0164,599.9,67735.9,-975.2
57.67,67727.9,77.9970,594.2,67716.8,-1072.3
57.83,67710.6,77.9776,588.4,67697.9,-1169.3
58.00,67693.5,77.9581,582.5,67679.2,-1266.1
58.17,67676.7,77.9384,576.7,67660.5,-1362.7
58.33,67660.2,77.9188,570.7,67642.0,-1459.1
58.50,67643.9,77.8990,564.8,67623.7,-1555.4
58.67,67628.0,77.8792,558.7,67605.5,-1651.5
58.83,67612.3,77.8593,552.7,67587.4,-1747.3
59.00,67596.9,77.8393,546.6,67569.5,-1843.0
59.17,67581.8,77.8193,540.4,67551.8,-1938.3
59.33,67566.9,77.7992,534.2,67534.2,-2033.5
59.50,67552.3,77.7791,528.0,67516.7,-2128.4
59.67,67538.0,77.7589,521.7,67499.4,-2223.0
59.83,67524.0,77.7387,515.3,67482.3,-2317.3
60.00,67510.3,77.7184,509.0,67465.3,-2411.3
60.17,67496.8,77.6981,502.6,67448.4,-2505.1
60.33,67483.6,77.6777,496.1,67431.8,-2598.5
60.50,67470.7,77.6574,489.6,67415.2,-2691.5
60.67,67458.1,77.6369,483.1,67398.9,-2784.2
60.83,67445.7,77.6165,476.6,67382.7,-2876.6
61.00,67433.7,77.5960,470.0,67366.6,-2968.6
61.17,67421.8,77.5755,463.3,67350.8,-3060.2
61.33,67410.3,77.5550,456.7,67335.1,-3151.4
61.50,67399.0,77.5345,450.0,67319.5,-3242.2
61.67,67388.0,77.5139,443.2,67304.1,-3332.6
61.83,67377.3,77.4934,436.5,67288.9,-3422.6
62.00,67366.9,77.4728,429.7,67273.9,-3512.1
62.17,67356.7,77.4523,422.9,67259.0,-3601.2
62.33,67346.7,77.4318,416.0,67244.3,-3689.8
62.50,67337.1,77.4112,409.1,67229.8,-3777.9
62.67,67327.7,77.3907,402.2,67215.4,-3865.6
62.83,67318.5,77.3702,395.3,67201.2,-3952.8
63.00,67309.6,77.3497,388.3,67187.2,-4039.4
63.17,67301.0,77.3293,381.4,67173.4,-4125.6
63.33,67292.6,77.3088,374.4,67159.7,-4211.2
63.50,67284.5,77.2885,367.3,67146.2,-4296.2
63.67,67276.6,77.2681,360.3,67132.9,-4380.7
63.83,67269.0,77.2478,353.2,67119.7,-4464.7
64.00,67261.6,77.2275,346.1,67106.8,-4548.1
64.17,67254.5,77.2073,339.0,67094.0,-4630.9
64.33,67247.6,77.1871,331.8,67081.4,-4713.1
64.50,67240.9,77.1670,324.7,67069.0,-4794.7
64.67,67234.5,77.1470,317.5,67056.8,-4875.7
64.83,67228.4,77.1270,310.3,67044.7,-4956.0
65.00,67222.4,77.1071,303.1,67032.8,-5035.7
65.17,67216.7,77.0873,295.9,67021.1,-5114.8
65.33,67211.2,77.0675,288.7,67009.6,-5193.2
65.50,67205.9,77.0479,281.4,66998.3,-5271.0
65.67,67200.9,77.0283,274.2,66987.2,-5348.1
65.83,67196.0,77.0088,266.9,66976.2,-5424.5
66.00,67191.4,76.9894,259.6,66965.4,-5500.2
66.17,67187.0,76.9701,252.3,66954.8,-5575.2
66.33,67182.8,76.9509,245.0,66944.4,-5649.4
66.50,67178.9,76.9318,237.7,66934.2,-5723.0
66.67,67175.1,76.9128,230.4,66924.2,-5795.8
66.83,67171.5,76.8940,223.1,66914.3,-5867.9
67.00,67168.1,76.8753,215.8,66904.7,-5939.2
67.17,67165.0,76.8566,208.4,66895.2,-6009.8
67.33,67162.0,76.8382,201.1,66885.9,-6079.6
67.50,67159.2,76.8198,193.7,66876.8,-6148.6
67.67,67156.5,76.8016,186.4,66867.9,-6216.8
67.83,67154.1,76.7835,179.1,66859.2,-6284.2
68.00,67151.9,76.7656,171.7,66850.6,-6350.8
68.17,67149.8,76.7478,164.4,66842.3,-6416.7
68.33,67147.9,76.7302,157.0,66834.1,-6481.6
68.50,67146.1,76.7127,149.7,66826.2,-6545.8
68.67,67144.6,76.6954,142.3,66818.4,-6609.1
68.83,67143.2,76.6783,135.0,66810.8,-6671.6
69.00,67141.9,76.6613,127.7,66803.3,-6733.2
69.17,67140.8,76.6445,120.3,66796.1,-6793.9
69.33,67139.9,76.6278,113.0,66789.1,-6853.8
69.50,67139.1,76.6114,105.7,66782.2,-6912.8
69.67,67138.5,76.5951,98.4,66775.5,-6970.9
69.83,67138.0,76.5790,91.1,66769.0,-7028.2
70.00,67137.6,76.5631,83.8,66762.7,-7084.5
70.17,67137.4,76.5474,76.5,66756.6,-7139.9
70.33,67137.3,76.5318,69.2,66750.7,-7194.4
70.50,67137.3,76.5165,62.0,66744.9,-7248.0
70.67,67137.5,76.5014,54.7,66739.4,-7300.6
70.83,67137.8,76.4865,47.5,66734.0,-7352.3
71.00,67138.2,76.4718,40.3,66728.8,-7403.1
71.17,67138.7,76.4573,33.1,66723.7,-7452.9
71.33,67139.3,76.4430,25.9,66718.9,-7501.8
71.50,67140.1,76.4289,18.7,66714.3,-7549.7
71.67,67140.9,76.4150,11.5,66709.8,-7596.6
71.83,67141.9,76.4014,4.4,66705.5,-7642.6
72.00,67142.9,76.3880,-2.7,66701.4,-7687.6
72.17,67144.1,76.3748,-9.8,66697.4,-7731.6
72.33,67145.3,76.3619,-16.9,66693.7,-7774.6
72.50,67146.6,76.3491,-24.0,66690.1,-7816.6
72.67,67148.0,76.3366,-31.0,66686.7,-7857.6
72.83,67149.5,76.3244,-38.0,66683.5,-7897.6
73.00,67151.1,76.3124,-45.0,66680.4,-7936.6
73.17,67152.8,76.3006,-52.0,66677.6,-7974.6
73.33,67154.5,76.2890,-58.9,66674.8,-8011.6
73.50,67156.3,76.2777,-65.8,66672.3,-8047.5
73.67,67158.1,76.2667,-72.7,66670.0,-8082.4
73.83,67160.0,76.2559,-79.6,66667.8,-8116.3
74.00,67162.0,76.2453,-86.4,66665.8,-8149.1
74.17,67164.1,76.2350,-93.3,66663.9,-8180.9
74.33,67166.2,76.2250,-100.0,66662.2,-8211.6
74.50,67168.3,76.2152,-106.8,66660.7,-8241.3
74.67,67170.5,76.2056,-113.5,66659.4,-8269.9
74.83,67172.7,76.1963,-120.2,66658.2,-8297.4
75.00,67175.0,76.1873,-126.8,66657.2,-8323.9
75.17,67177.4,76.1785,-133.5,66656.3,-8349.4
75.33,67179.7,76.1700,-140.0,66655.6,-8373.7
75.50,67182.1,76.1617,-146.6,66655.1,-8397.0
75.67,67184.5,76.1537,-153.1,66654.7,-8419.2
75.83,67187.0,76.1460,-159.6,66654.5,-8440.4
76.00,67189.5,76.1385,-166.0,66654.5,-8460.4
76.17,67192.0,76.1313,-172.4,66654.6,-8479.4
76.33,67194.5,76.1243,-178.8,66654.8,-8497.3
76.50,67197.1,76.1176,-185.1,66655.2,-8514.1
76.67,67199.6,76.1112,-191.4,66655.8,-8529.8
76.83,67202.2,76.1050,-197.6,66656.5,-8544.4
77.00,67204.8,76.0991,-203.8,66657.4,-8557.9
77.17,67207.4,76.0934,-210.0,66658.4,-8570.3
77.33,67210.0,76.0880,-216.1,66659.5,-8581.6
77.50,67212.6,76.0828,-222.2,66660.8,-8591.8
77.67,67215.3,76.0780,-228.2,66662.3,-8600.9
77.83,67217.9,76.0733,-234.2,66663.9,-8609.0
78.00,67220.5,76.0690,-240.2,66665.6,-8615.9
78.17,67223.1,76.0649,-246.0,66667.5,-8621.7
78.33,67225.7,76.0610,-251.9,66669.5,-8626.4
78.50,67228.3,76.0574,-257.7,66671.6,-8630.0
78.67,67230.9,76.0540,-263.4,66673.9,-8632.5
78.83,67233.5,76.0509,-269.1,66676.3,-8633.8
79.00,67236.1,76.0481,-274.8,66678.9,-8634.1
79.17,67238.7,76.0455,-280.4,66681.5,-8633.3
79.33,67241.2,76.0431,-285.9,66684.3,-8631.4
79.50,67243.8,76.0410,-291.4,66687.3,-8628.3
79.67,67246.3,76.0392,-296.9,66690.3,-8624.2
79.83,67248.8,76.0376,-302.3,66693.5,-8618.9
80.00,67251.3,76.0362,-307.6,66696.8,-8612.5
80.17,67253.7,76.0350,-312.9,66700.2,-8605.1
80.33,67256.2,76.0341,-318.1,66703.7,-8596.5
80.50,67258.6,76.0335,-323.3,66707.4,-8586.8
80.67,67261.0,76.0330,-328.4,66711.2,-8576.1
80.83,67263.3,76.0328,-333.4,66715.0,-8564.2
81.00,67265.7,76.0328,-338.4,66719.0,-8551.2
81.17,67268.0,76.0330,-343.4,66723.1,-8537.2
81.33,67270.2,76.0335,-348.2,66727.3,-8522.0
81.50,67272.5,76.0342,-353.1,66731.7,-8505.7
81.67,67274.7,76.0351,-357.8,66736.1,-8488.4
81.83,67276.9,76.0362,-362.5,66740.6,-8470.0
82.00,67279.0,76.0375,-367.2,66745.2,-8450.4
82.17,67281.2,76.0390,-371.7,66749.9,-8429.8
82.33,67283.3,76.0407,-376.3,66754.8,-8408.2
82.50,67285.3,76.0426,-380.7,66759.7,-8385.4
82.67,67287.3,76.0448,-385.1,66764.7,-8361.6
82.83,67289.3,76.0471,-389.4,66769.8,-8336.6
83.00,67291.3,76.0496,-393.7,66775.0,-8310.7
83.17,67293.2,76.0522,-397.8,66780.2,-8283.6
83.33,67295.1,76.0551,-402.0,66785.6,-8255.5
83.50,67296.9,76.0581,-406.0,66791.0,-8226.3
83.67,67298.7,76.0614,-410.0,66796.5,-8196.1
83.83,67300.5,76.0647,-413.9,66802.1,-8164.8
84.00,67302.3,76.0683,-417.8,66807.8,-8132.5
84.17,67304.0,76.0720,-421.6,66813.5,-8099.2
84.33,67305.6,76.0759,-425.3,66819.4,-8064.8
84.50,67307.3,76.0799,-428.9,66825.3,-8029.3
84.67,67308.9,76.0841,-432.5,66831.2,-7992.8
84.83,67310.4,76.0884,-436.0,66837.3,-7955.3
85.00,67312.0,76.0929,-439.4,66843.3,-7916.8
85.17,67313.5,76.0975,-442.8,66849.5,-7877.3
85.33,67314.9,76.1022,-446.1,66855.7,-7836.8
85.50,67316.4,76.1070,-449.3,66862.0,-7795.2
85.67,67317.8,76.1120,-452.4,66868.3,-7752.7
85.83,67319.1,76.1171,-455.5,66874.7,-7709.1
86.00,67320.5,76.1223,-458.5,66881.1,-7664.6
86.17,67321.8,76.1277,-461.4,66887.6,-7619.1
86.33,67323.0,76.1331,-464.2,66894.2,-7572.6
86.50,67324.3,76.1386,-467.0,66900.8,-7525.1
86.67,67325.5,76.1442,-469.7,66907.4,-7476.7
86.83,67326.6,76.1499,-472.3,66914.0,-7427.3
87.00,67327.8,76.1557,-474.8,66920.8,-7377.0
87.17,67328.9,76.1616,-477.3,66927.5,-7325.7
87.33,67330.0,76.1675,-479.6,66934.3,-7273.4
87.50,67331.1,76.1736,-481.9,66941.1,-7220.3
87.67,67332.1,76.1797,-484.1,66947.9,-7166.2
87.83,67333.1,76.1858,-486.3,66954.8,-7111.2
88.00,67334.1,76.1920,-488.3,66961.7,-7055.2
88.17,67335.1,76.1983,-490.3,66968.6,-6998.4
88.33,67336.1,76.2045,-492.2,66975.6,-6940.7
88.50,67337.0,76.2109,-494.0,66982.6,-6882.1
88.67,67337.9,76.2173,-495.8,66989.6,-6822.6
88.83,67338.8,76.2237,-497.4,66996.6,-6762.2
89.00,67339.7,76.2301,-499.0,67003.6,-6700.9
89.17,67340.5,76.2365,-500.5,67010.6,-6638.8
89.33,67341.4,76.2430,-501.9,67017.6,-6575.9
89.50,67342.2,76.2495,-503.2,67024.7,-6512.1
89.67,67343.0,76.2559,-504.5,67031.8,-6447.4
89.83,67343.8,76.2624,-505.6,67038.8,-6382.0
90.00,67344.6,76.2689,-506.7,67045.9,-6315.7
90.17,67345.4,76.2754,-507.7,67052.9,-6248.6
90.33,67346.1,76.2818,-508.6,67060.0,-6180.7
90.50,67346.9,76.2882,-509.4,67067.1,-6112.0
90.67,67347.7,76.2946,-510.1,67074.1,-6042.5
90.83,67348.4,76.3010,-510.8,67081.1,-5972.3
91.00,67349.2,76.3073,-511.4,67088.2,-5901.3
91.17,67349.9,76.3136,-511.8,67095.2,-5829.5
91.33,67350.6,76.3199,-512.2,67102.2,-5757.0
91.50,67351.4,76.3261,-512.5,67109.2,-5683.7
91.67,67352.1,76.3322,-512.8,67116.1,-5609.7
91.83,67352.8,76.3383,-512.9,67123.1,-5535.0
92.00,67353.6,76.3443,-513.0,67130.0,-5459.6
92.17,67354.3,76.3503,-512.9,67136.9,-5383.5
92.33,67355.1,76.3561,-512.8,67143.8,-5306.6
92.50,67355.8,76.3619,-512.6,67150.6,-5229.1
